Player,Age,G,GS,MP,FG,FGA,FG%,3P,3PA,3P%,2P,2PA,2P%,eFG%,FT,FTA,FT%,ORB,DRB,TRB,AST,STL,BLK,TOV,PF,PTS,,
Joel Embiid,27,68,68,33.8,9.8,19.6,0.499,1.4,3.7,0.371,8.4,15.9,0.529,0.534,9.6,11.8,0.814,2.1,9.6,11.7,4.2,1.1,1.5,3.1,2.7,30.6,,
LeBron James,37,56,56,37.2,11.4,21.8,0.524,2.9,8,0.359,8.6,13.8,0.62,0.59,4.5,6,0.756,1.1,7.1,8.2,6.2,1.3,1.1,3.5,2.2,30.3,,
Giannis Antetokounmpo,27,67,67,32.9,10.3,18.6,0.553,1.1,3.6,0.293,9.2,15,0.616,0.582,8.3,11.4,0.722,2,9.6,11.6,5.8,1.1,1.4,3.3,3.2,29.9,,
Kevin Durant,33,55,55,37.2,10.5,20.3,0.518,2.1,5.5,0.383,8.4,14.8,0.568,0.57,6.8,7.4,0.91,0.5,6.9,7.4,6.4,0.9,0.9,3.5,2.1,29.9,,
Luka Dončić,22,65,65,35.4,9.9,21.6,0.457,3.1,8.8,0.353,6.8,12.8,0.528,0.529,5.6,7.5,0.744,0.9,8.3,9.1,8.7,1.2,0.6,4.5,2.2,28.4,,
Trae Young,23,76,76,34.9,9.4,20.3,0.46,3.1,8,0.382,6.3,12.3,0.512,0.536,6.6,7.3,0.904,0.7,3.1,3.7,9.7,0.9,0.1,4,1.7,28.4,,
DeMar DeRozan,32,76,76,36.1,10.2,20.2,0.504,0.7,1.9,0.352,9.5,18.3,0.52,0.521,6.8,7.8,0.877,0.7,4.4,5.2,4.9,0.9,0.3,2.4,2.3,27.9,,
Kyrie Irving,29,29,29,37.6,10,21.2,0.469,3.4,8.2,0.418,6.5,13,0.501,0.55,4.1,4.4,0.915,0.6,3.8,4.4,5.8,1.4,0.6,2.5,2.8,27.4,,
Ja Morant,22,57,57,33.1,10.2,20.6,0.493,1.5,4.5,0.344,8.6,16.2,0.534,0.53,5.5,7.3,0.761,1.4,4.4,5.7,6.7,1.2,0.4,3.4,1.5,27.4,,
Nikola Jokić,26,74,74,33.5,10.3,17.7,0.583,1.3,3.9,0.337,9,13.8,0.652,0.62,5.1,6.3,0.81,2.8,11,13.8,7.9,1.5,0.9,3.8,2.6,27.1,,
Jayson Tatum,23,76,76,35.9,9.3,20.6,0.453,3,8.6,0.353,6.3,12,0.524,0.526,5.3,6.2,0.853,1.1,6.9,8,4.4,1,0.6,2.9,2.3,26.9,,
Devin Booker,25,68,68,34.5,9.7,20.9,0.466,2.7,7,0.383,7,13.9,0.508,0.53,4.6,5.3,0.868,0.7,4.4,5,4.8,1.1,0.4,2.4,2.6,26.8,,
Donovan Mitchell,25,67,67,33.8,9.2,20.5,0.448,3.5,9.8,0.355,5.7,10.8,0.533,0.533,4,4.7,0.853,0.8,3.4,4.2,5.3,1.5,0.2,3,2.4,25.9,,
Stephen Curry,33,64,64,34.5,8.4,19.1,0.437,4.5,11.7,0.38,3.9,7.4,0.527,0.554,4.3,4.7,0.923,0.5,4.7,5.2,6.3,1.3,0.4,3.2,2,25.5,,
Karl-Anthony Towns,26,74,74,33.5,8.7,16.4,0.529,2,4.9,0.41,6.6,11.5,0.58,0.591,5.2,6.3,0.822,2.6,7.2,9.8,3.6,1,1.1,3.1,3.6,24.6,,
Shai Gilgeous-Alexander,23,56,56,34.7,8.5,18.8,0.453,1.6,5.3,0.3,6.9,13.5,0.514,0.496,5.9,7.2,0.81,0.7,4.3,5,5.9,1.3,0.8,2.8,2.5,24.5,,
Zach LaVine,26,67,67,34.7,8.4,17.7,0.476,2.8,7.1,0.389,5.7,10.6,0.534,0.554,4.8,5.6,0.853,0.3,4.3,4.6,4.5,0.6,0.3,2.6,1.8,24.4,,
Paul George,31,31,31,34.7,8.6,20.5,0.421,2.9,8.3,0.354,5.7,12.2,0.467,0.493,4.1,4.8,0.858,0.4,6.5,6.9,5.7,2.2,0.4,4.1,2.4,24.3,,
Damian Lillard,31,29,29,36.4,7.7,19,0.402,3.2,9.8,0.324,4.5,9.2,0.485,0.486,5.5,6.2,0.878,0.4,3.7,4.1,7.3,0.6,0.4,2.9,1.3,24,,
Jaylen Brown,25,66,66,33.6,8.7,18.4,0.473,2.5,7,0.358,6.2,11.4,0.544,0.541,3.7,4.8,0.758,0.8,5.3,6.1,3.5,1.1,0.3,2.7,2.5,23.6,,
Bradley Beal,28,40,40,36,8.7,19.3,0.451,1.6,5.3,0.3,7.1,14,0.508,0.492,4.2,5.1,0.833,1,3.8,4.7,6.6,0.9,0.4,3.4,2.4,23.2,,
Anthony Davis,28,40,40,35.1,9.3,17.4,0.532,0.3,1.8,0.186,8.9,15.6,0.571,0.542,4.4,6.1,0.713,2.7,7.2,9.9,3.1,1.2,2.3,2.1,2.4,23.2,,
De'Aaron Fox,24,59,59,35.3,8.7,18.5,0.473,1.3,4.2,0.297,7.5,14.3,0.524,0.506,4.4,5.9,0.75,0.4,3.5,3.9,5.6,1.2,0.4,2.8,2.9,23.2,,
Pascal Siakam,27,68,68,37.9,8.8,17.8,0.494,1.1,3.2,0.344,7.7,14.5,0.527,0.525,4.2,5.6,0.749,1.9,6.6,8.5,5.3,1.3,0.6,2.7,3.3,22.8,,
Brandon Ingram,24,55,55,34,8.2,17.9,0.461,1.3,4.1,0.327,6.9,13.8,0.501,0.498,4.8,5.9,0.826,0.6,5.2,5.8,5.6,0.6,0.5,2.7,2.2,22.7,,
CJ McCollum,30,62,62,34.6,8.6,18.8,0.46,2.9,7.6,0.388,5.7,11.2,0.509,0.539,1.9,2.7,0.682,0.9,3.5,4.3,5.1,1.1,0.4,2,2,22.1,,
CJ McCollum,30,36,36,35.2,8.1,18.5,0.436,3.1,8,0.384,5,10.4,0.476,0.52,1.3,1.9,0.706,0.9,3.3,4.3,4.5,1,0.6,1.9,2.1,20.5,,
CJ McCollum,30,26,26,33.8,9.5,19.2,0.493,2.7,6.9,0.394,6.7,12.3,0.549,0.564,2.6,3.9,0.667,0.7,3.7,4.5,5.8,1.3,0,2.2,1.7,24.3,,
James Harden,32,65,65,37.2,6.3,15.3,0.41,2.3,6.9,0.33,4,8.4,0.476,0.485,7.2,8.2,0.877,0.8,6.8,7.7,10.3,1.3,0.6,4.4,2.4,22,,
James Harden,32,44,44,37,6.6,16,0.414,2.3,7,0.332,4.3,9.1,0.476,0.486,6.9,8,0.869,1,7,8,10.2,1.3,0.7,4.8,2.4,22.5,,
James Harden,32,21,21,37.7,5.5,13.6,0.402,2.2,6.7,0.326,3.3,6.9,0.476,0.483,7.9,8.9,0.892,0.6,6.5,7.1,10.5,1.2,0.2,3.4,2.3,21,,
Darius Garland,22,68,68,35.7,8,17.3,0.462,2.6,6.7,0.383,5.4,10.6,0.512,0.536,3.2,3.5,0.892,0.6,2.7,3.3,8.6,1.3,0.1,3.6,1.7,21.7,,
Jimmy Butler,32,57,57,33.9,7,14.5,0.48,0.5,2,0.233,6.5,12.5,0.52,0.496,6.9,8,0.87,1.8,4.1,5.9,5.5,1.6,0.5,2.1,1.5,21.4,,
Anthony Edwards,20,72,72,34.3,7.6,17.3,0.441,3,8.4,0.357,4.6,8.9,0.519,0.527,3.1,3.9,0.786,0.9,3.9,4.8,3.8,1.5,0.6,2.6,2.3,21.3,,
Dejounte Murray,25,68,68,34.8,8.4,18.3,0.462,1.4,4.3,0.327,7,13.9,0.504,0.5,2.9,3.6,0.794,1.2,7.1,8.3,9.2,2,0.3,2.6,2,21.1,,
Tyler Herro,22,66,10,32.6,7.6,17,0.447,2.7,6.7,0.399,4.9,10.3,0.477,0.525,2.9,3.3,0.868,0.5,4.5,5,4,0.7,0.1,2.6,1.4,20.7,,
Klay Thompson,31,32,32,29.4,7.7,17.9,0.429,3.6,9.3,0.385,4.1,8.7,0.477,0.529,1.4,1.6,0.902,0.5,3.4,3.9,2.8,0.5,0.5,1.3,1.7,20.4,,
Fred VanVleet,27,65,65,37.9,6.8,16.9,0.403,3.7,9.9,0.377,3.1,7,0.44,0.513,3,3.4,0.874,0.7,3.8,4.4,6.7,1.7,0.5,2.6,2.5,20.3,,
Kristaps Porziņģis,26,51,51,29,6.9,15,0.459,1.5,4.9,0.31,5.4,10.1,0.532,0.51,4.9,5.6,0.867,2,6.1,8.1,2.3,0.7,1.6,1.6,2.7,20.2,,
Kristaps Porziņģis,26,34,34,29.5,6.7,14.9,0.451,1.4,5.1,0.283,5.3,9.9,0.537,0.499,4.3,5,0.865,1.9,5.8,7.7,2,0.7,1.7,1.6,2.6,19.2,,
Kristaps Porziņģis,26,17,17,28.2,7.2,15.2,0.475,1.7,4.6,0.367,5.5,10.6,0.522,0.531,5.9,6.8,0.871,2.2,6.6,8.8,2.9,0.7,1.5,1.6,2.9,22.1,,
Miles Bridges,23,80,80,35.5,7.5,15.2,0.491,1.9,5.8,0.331,5.5,9.4,0.59,0.554,3.3,4.2,0.802,1.1,5.9,7,3.8,0.9,0.8,1.9,2.4,20.2,,
LaMelo Ball,20,75,75,32.3,7.2,16.7,0.429,2.9,7.5,0.389,4.2,9.2,0.462,0.517,2.8,3.2,0.872,1.4,5.2,6.7,7.6,1.6,0.4,3.3,3.2,20.1,,
Khris Middleton,30,66,66,32.4,6.8,15.5,0.443,2.5,6.6,0.373,4.4,8.9,0.494,0.522,3.9,4.4,0.89,0.6,4.8,5.4,5.4,1.2,0.3,2.9,2.4,20.1,,
Julius Randle,27,72,72,35.3,7.1,17.3,0.411,1.7,5.4,0.308,5.4,11.9,0.458,0.459,4.2,5.6,0.756,1.7,8.2,9.9,5.1,0.7,0.5,3.4,2.8,20.1,,
RJ Barrett,21,70,70,34.5,7,17.1,0.408,2,5.8,0.342,5,11.3,0.442,0.466,4.1,5.8,0.714,0.9,4.9,5.8,3,0.6,0.2,2.2,2,20,,
Terry Rozier,27,73,73,33.7,7.1,16,0.444,3,8.1,0.374,4.1,7.9,0.516,0.539,2.1,2.4,0.852,0.8,3.5,4.3,4.5,1.3,0.3,1.3,1.6,19.3,,
Jerami Grant,27,47,47,31.9,6.3,14.9,0.426,1.9,5.4,0.358,4.4,9.5,0.465,0.491,4.6,5.5,0.838,0.6,3.5,4.1,2.4,0.9,1,1.8,2.3,19.2,,
Bam Adebayo,24,56,56,32.6,7.3,13,0.557,0,0.1,0,7.3,12.9,0.562,0.557,4.6,6.1,0.753,2.4,7.6,10.1,3.4,1.4,0.8,2.6,3.1,19.1,,
Malcolm Brogdon,29,36,36,33.5,6.8,15.1,0.448,1.6,5.2,0.312,5.1,9.9,0.518,0.501,4,4.6,0.856,0.9,4.2,5.1,5.9,0.8,0.4,2.1,2,19.1,,
Norman Powell,28,45,41,32.4,6.2,13.4,0.461,2.4,5.6,0.419,3.8,7.8,0.491,0.549,4.2,5.2,0.811,0.4,2.8,3.2,2.1,0.9,0.5,1.5,2.4,19,,
Norman Powell,28,40,39,33.3,6.2,13.6,0.456,2.3,5.7,0.406,3.9,7.8,0.492,0.542,4,5,0.803,0.4,2.9,3.3,2.1,1,0.4,1.6,2.3,18.7,,
Norman Powell,28,5,2,25,6.4,12.6,0.508,2.6,4.8,0.542,3.8,7.8,0.487,0.611,6,7,0.857,0.6,2.2,2.8,2.8,0.4,0.8,1.4,2.8,21.4,,
Domantas Sabonis,25,62,61,34.5,7.1,12.5,0.573,0.6,2,0.312,6.5,10.5,0.623,0.598,4,5.4,0.741,3.2,8.9,12.1,5.2,1,0.4,3.1,3.3,18.9,,
Domantas Sabonis,25,47,46,34.7,7,12.1,0.58,0.7,2.3,0.324,6.3,9.9,0.639,0.61,4.1,5.5,0.74,3.3,8.8,12.1,5,1,0.5,3,3.1,18.9,,
Domantas Sabonis,25,15,15,33.6,7.5,13.5,0.554,0.3,1.1,0.235,7.2,12.3,0.584,0.564,3.7,4.9,0.743,3.1,9.3,12.3,5.8,0.9,0.3,3.5,3.8,18.9,,
Jordan Poole,22,76,51,30,6.2,13.9,0.448,2.8,7.6,0.364,3.5,6.3,0.55,0.548,3.2,3.5,0.925,0.4,3,3.4,4,0.8,0.3,2.5,2.7,18.5,,
Russell Westbrook,33,78,78,34.3,7,15.8,0.444,1,3.4,0.298,6,12.4,0.485,0.476,3.4,5.1,0.667,1.4,6,7.4,7.1,1,0.3,3.8,3,18.5,,
Dillon Brooks,26,32,31,27.7,7.1,16.4,0.432,1.4,4.7,0.309,5.7,11.8,0.48,0.475,2.8,3.3,0.849,0.9,2.3,3.2,2.8,1.1,0.3,1.6,3.3,18.4,,
Jrue Holiday,31,67,64,33,7.1,14.2,0.501,2,4.8,0.411,5.2,9.4,0.547,0.57,2,2.7,0.761,1,3.5,4.5,6.8,1.6,0.4,2.7,2,18.3,,
Gary Trent Jr.,23,70,69,35,6.4,15.5,0.414,3,7.8,0.383,3.4,7.7,0.445,0.511,2.5,2.9,0.853,0.4,2.4,2.7,2,1.7,0.3,1,2.1,18.3,,
Desmond Bane,23,76,76,29.8,6.7,14.5,0.461,3,6.9,0.436,3.7,7.6,0.484,0.565,1.8,2,0.903,0.6,3.8,4.4,2.7,1.2,0.4,1.5,2.6,18.2,,
Bojan Bogdanović,32,69,69,30.9,6.1,13.4,0.455,2.6,6.8,0.387,3.5,6.7,0.524,0.552,3.2,3.8,0.858,0.8,3.4,4.3,1.7,0.5,0,1.7,1.7,18.1,,
D'Angelo Russell,25,65,65,32,6.2,15,0.411,2.7,8,0.34,3.5,7,0.492,0.502,3,3.7,0.825,0.4,2.9,3.3,7.1,1,0.3,2.5,2,18.1,,
Christian Wood,26,68,67,30.8,6.5,12.9,0.501,1.9,4.9,0.39,4.5,8,0.57,0.576,3,4.9,0.623,1.6,8.5,10.1,2.3,0.8,1,1.9,2.5,17.9,,
Jonas Valančiūnas,29,74,74,30.3,6.9,12.7,0.544,0.8,2.1,0.361,6.1,10.5,0.581,0.574,3.2,3.9,0.82,3.1,8.3,11.4,2.6,0.6,0.8,2.4,3.3,17.8,,
Nikola Vučević,31,73,73,33.1,7.5,15.8,0.473,1.4,4.5,0.314,6.1,11.3,0.537,0.518,1.3,1.7,0.76,1.9,9.1,11,3.2,1,1,1.9,2.5,17.6,,
Tyrese Maxey,21,75,74,35.3,6.4,13.3,0.485,1.8,4.1,0.427,4.7,9.1,0.512,0.552,2.8,3.3,0.866,0.3,2.9,3.2,4.3,0.7,0.4,1.2,2.1,17.5,,
Cade Cunningham,20,64,64,32.6,6.7,16.1,0.416,1.8,5.7,0.314,4.9,10.4,0.472,0.471,2.2,2.6,0.845,0.9,4.6,5.5,5.6,1.2,0.7,3.7,3.1,17.4,,
Jalen Green,19,67,67,31.9,6.1,14.2,0.426,2.3,6.8,0.343,3.7,7.4,0.502,0.508,2.8,3.5,0.797,0.5,2.9,3.4,2.6,0.7,0.3,2,1.5,17.3,,
Anfernee Simons,22,57,30,29.5,6.2,14,0.443,3.1,7.8,0.405,3.1,6.2,0.49,0.555,1.8,2,0.888,0.5,2.2,2.6,3.9,0.5,0.1,2,1.9,17.3,,
Deandre Ayton,23,58,58,29.5,7.6,12,0.634,0.1,0.3,0.368,7.5,11.7,0.642,0.639,1.8,2.4,0.746,2.6,7.7,10.2,1.4,0.7,0.7,1.6,2.4,17.2,,
Luguentz Dort,22,51,51,32.6,5.7,14.2,0.404,2.5,7.7,0.332,3.2,6.6,0.487,0.493,3.2,3.7,0.843,0.7,3.4,4.2,1.7,0.9,0.4,1.7,2.9,17.2,,
Tobias Harris,29,73,73,34.8,6.8,14,0.482,1.4,3.8,0.367,5.4,10.2,0.525,0.532,2.3,2.8,0.842,1.1,5.7,6.8,3.5,0.6,0.6,1.6,2.2,17.2,,
Andrew Wiggins,26,73,73,31.9,6.5,14,0.466,2.2,5.5,0.393,4.4,8.5,0.513,0.543,2,3.2,0.634,1.2,3.3,4.5,2.2,1,0.7,1.5,2.2,17.2,,
OG Anunoby,24,48,48,36,6.4,14.5,0.443,2.4,6.6,0.363,4,7.9,0.511,0.526,1.9,2.5,0.754,1.5,4,5.5,2.6,1.5,0.5,1.7,2.7,17.1,,
Kyle Kuzma,26,66,66,33.4,6.4,14.2,0.452,1.9,5.7,0.341,4.5,8.5,0.526,0.52,2.4,3.3,0.712,1.1,7.4,8.5,3.5,0.6,0.9,2.6,1.9,17.1,,
Caris LeVert,27,58,49,30.7,6.5,14.7,0.444,1.4,4.4,0.32,5.1,10.3,0.497,0.492,2.5,3.3,0.756,0.7,2.9,3.7,4.3,0.9,0.4,1.9,2.3,17,,
Caris LeVert,27,39,39,31.1,7.1,15.9,0.447,1.6,4.8,0.323,5.6,11.1,0.501,0.496,2.8,3.7,0.76,0.8,3.1,3.8,4.4,0.9,0.5,1.9,2.3,18.7,,
Caris LeVert,27,19,10,29.8,5.3,12.2,0.435,1.1,3.5,0.313,4.2,8.7,0.485,0.481,1.8,2.5,0.745,0.7,2.7,3.4,3.9,0.8,0.3,1.7,2.1,13.6,,
Keldon Johnson,22,75,74,31.9,6.3,13.5,0.466,2.1,5.3,0.398,4.2,8.2,0.51,0.545,2.4,3.1,0.756,1.1,5,6.1,2.1,0.8,0.2,1.2,2,17,,
Reggie Jackson,31,75,75,31.2,6.4,16.3,0.392,2.2,6.8,0.326,4.2,9.5,0.439,0.46,1.8,2.2,0.847,0.5,3.1,3.6,4.8,0.7,0.2,2.3,2.1,16.8,,
Harrison Barnes,29,77,77,33.5,5.1,10.8,0.469,1.8,4.7,0.394,3.2,6.2,0.525,0.554,4.4,5.4,0.826,1.1,4.5,5.6,2.4,0.7,0.2,1.5,1.2,16.4,,
Cole Anthony,21,65,65,31.7,5.5,14,0.391,2,6,0.338,3.5,8,0.432,0.464,3.3,3.9,0.854,0.5,4.9,5.4,5.7,0.7,0.3,2.6,2.6,16.3,,
Jalen Brunson,25,79,61,31.9,6.4,12.8,0.502,1.2,3.2,0.373,5.2,9.6,0.545,0.549,2.3,2.7,0.84,0.5,3.4,3.9,4.8,0.8,0,1.6,1.9,16.3,,
Jaren Jackson Jr.,22,78,78,27.3,5.5,13.3,0.415,1.6,5.1,0.319,3.9,8.1,0.476,0.477,3.6,4.4,0.823,1.5,4.3,5.8,1.1,0.9,2.3,1.7,3.5,16.3,,
John Collins,24,54,53,30.8,6.3,11.9,0.526,1.2,3.3,0.364,5.1,8.7,0.588,0.576,2.5,3.1,0.793,1.7,6.1,7.8,1.8,0.6,1,1.1,3,16.2,,
Jarrett Allen,23,56,56,32.3,6.6,9.7,0.677,0,0.2,0.1,6.6,9.6,0.688,0.678,2.9,4.2,0.708,3.4,7.3,10.8,1.6,0.8,1.3,1.7,1.7,16.1,,
Saddiq Bey,22,82,82,33,5.5,13.9,0.396,2.6,7.4,0.346,2.9,6.4,0.454,0.489,2.6,3.1,0.827,1.3,4.1,5.4,2.8,0.9,0.2,1.2,1.6,16.1,,
Jordan Clarkson,29,79,1,27.1,5.9,14.1,0.419,2.4,7.6,0.318,3.5,6.5,0.535,0.504,1.8,2.2,0.828,0.8,2.6,3.5,2.5,0.8,0.2,1.6,1.9,16,,
Collin Sexton,23,11,11,28.7,6.2,13.7,0.45,1,4.1,0.244,5.2,9.6,0.538,0.487,2.6,3.5,0.744,1.2,2.1,3.3,2.1,0.9,0,2.8,2.3,16,,
Gordon Hayward,31,49,48,31.9,5.8,12.6,0.459,1.8,4.5,0.391,4,8.1,0.496,0.528,2.6,3,0.846,0.8,3.8,4.6,3.6,1,0.4,1.7,1.7,15.9,,
Buddy Hield,29,81,32,30.9,5.5,13.6,0.406,3.2,8.8,0.366,2.3,4.7,0.482,0.526,1.4,1.6,0.874,0.8,3.5,4.4,2.8,0.9,0.3,1.9,2.3,15.6,,
Buddy Hield,29,55,6,28.6,4.8,12.6,0.382,3.3,9,0.368,1.5,3.6,0.419,0.514,1.5,1.7,0.87,0.8,3.2,4,1.9,0.9,0.3,1.6,2.1,14.4,,
Buddy Hield,29,26,26,35.6,7,15.6,0.447,3.1,8.5,0.362,3.9,7.1,0.549,0.546,1.2,1.3,0.886,0.9,4.2,5.1,4.8,1,0.4,2.4,2.7,18.2,,
Rudy Gobert,29,66,66,32.1,5.5,7.7,0.713,0,0.1,0,5.5,7.6,0.718,0.713,4.6,6.7,0.69,3.7,11,14.7,1.1,0.7,2.1,1.8,2.7,15.6,,
Kevin Porter Jr.,21,61,61,31.3,5.5,13.2,0.415,2.5,6.8,0.375,3,6.5,0.456,0.511,2,3.2,0.642,0.7,3.7,4.4,6.2,1.1,0.4,3.1,2.6,15.6,,
Marcus Morris,32,54,54,29,5.6,12.8,0.434,1.9,5.1,0.367,3.7,7.7,0.478,0.507,2.4,2.7,0.872,0.5,3.9,4.4,2.1,0.5,0.3,1.3,2.1,15.4,,
Tyrese Haliburton,21,77,77,35,5.6,11.8,0.473,2.1,5.1,0.414,3.5,6.8,0.517,0.562,2.1,2.5,0.842,0.8,3.2,4,8.2,1.7,0.6,2.6,1.6,15.3,,
Tyrese Haliburton,21,51,51,34.5,5.3,11.5,0.457,2,4.9,0.413,3.2,6.5,0.491,0.546,1.7,2,0.837,0.8,3.1,3.9,7.4,1.7,0.7,2.3,1.4,14.3,,
Tyrese Haliburton,21,26,26,36.1,6.2,12.4,0.502,2.2,5.3,0.416,4,7.2,0.565,0.59,2.8,3.3,0.849,0.8,3.5,4.3,9.6,1.8,0.6,3.2,1.9,17.5,,
Scottie Barnes,20,74,74,35.4,6.2,12.6,0.492,0.8,2.6,0.301,5.4,10,0.543,0.524,2.1,2.9,0.735,2.6,4.9,7.5,3.5,1.1,0.7,1.8,2.6,15.3,,
Franz Wagner,20,79,79,30.7,5.8,12.3,0.468,1.2,3.4,0.354,4.6,8.9,0.511,0.517,2.4,2.8,0.863,1.1,3.4,4.5,2.9,0.9,0.4,1.5,2.1,15.2,,
Bogdan Bogdanović,29,63,27,29.3,5.4,12.6,0.431,2.7,7.3,0.368,2.7,5.3,0.516,0.537,1.5,1.8,0.843,0.5,3.5,4,3.1,1.1,0.2,1.1,2.1,15.1,,
Wendell Carter Jr.,22,62,61,29.9,5.8,11,0.525,1.1,3.5,0.327,4.7,7.6,0.615,0.576,2.3,3.3,0.691,2.2,8.2,10.5,2.8,0.6,0.7,1.9,2.7,15,,
Seth Curry,31,64,64,33.4,5.6,11.5,0.487,2.5,5.8,0.422,3.2,5.7,0.553,0.594,1.3,1.5,0.872,0.3,2.8,3.1,3.6,0.8,0.2,1.7,2.3,15,,
Seth Curry,31,45,45,34.8,5.7,11.7,0.485,2.2,5.6,0.4,3.5,6.2,0.561,0.58,1.4,1.6,0.877,0.4,3,3.4,4,0.8,0.2,1.9,2.2,15,,
Seth Curry,31,19,19,29.9,5.5,11.1,0.493,3.1,6.5,0.468,2.4,4.6,0.529,0.63,0.9,1.1,0.857,0.2,2.4,2.6,2.6,0.9,0.2,1.3,2.5,14.9,,
Aaron Gordon,26,75,75,31.7,5.8,11.1,0.52,1.2,3.5,0.335,4.6,7.7,0.605,0.573,2.3,3.1,0.743,1.7,4.2,5.9,2.5,0.6,0.6,1.8,2,15,,
Evan Mobley,20,69,69,33.8,6.1,12,0.508,0.3,1.3,0.25,5.8,10.7,0.541,0.522,2.4,3.7,0.663,2.1,6.2,8.3,2.5,0.8,1.7,1.9,2.1,15,,
Jusuf Nurkić,27,56,56,28.2,5.7,10.7,0.535,0.3,1,0.268,5.5,9.7,0.563,0.548,3.3,4.8,0.69,3,8.1,11.1,2.8,1.1,0.6,2.6,3.4,15,,
Kelly Oubre Jr.,26,76,13,26.3,5.4,12.3,0.44,2.5,7.3,0.345,2.9,5,0.578,0.542,1.7,2.5,0.667,1,2.9,4,1.1,1,0.4,0.9,2.5,15,,
Josh Hart,26,54,53,33.2,5.3,10.5,0.504,1.4,3.9,0.343,4,6.6,0.601,0.569,3,3.9,0.758,1.1,6,7.2,4.1,1.1,0.2,2.1,2.8,14.9,,
Josh Hart,26,41,40,33.5,4.8,9.4,0.505,1,3.2,0.323,3.7,6.2,0.598,0.56,2.8,3.8,0.753,1.3,6.5,7.8,4.1,1.1,0.3,2,2.9,13.4,,
Josh Hart,26,13,13,32.1,7.1,14.1,0.503,2.4,6.4,0.373,4.7,7.7,0.61,0.587,3.4,4.4,0.772,0.7,4.7,5.4,4.3,1.2,0.2,2.5,2.5,19.9,,
Lauri Markkanen,24,61,61,30.8,5.1,11.5,0.445,2.2,6.2,0.358,2.9,5.3,0.548,0.542,2.3,2.6,0.868,1,4.7,5.7,1.3,0.7,0.5,0.9,2.1,14.8,,
Will Barton,31,71,71,32.1,5.5,12.6,0.438,2.2,6.1,0.365,3.3,6.6,0.504,0.525,1.4,1.8,0.803,0.6,4.2,4.8,3.9,0.8,0.4,1.8,1.6,14.7,,
Jaylen Hoard,22,7,5,34.3,6.3,12.9,0.489,1.3,3.6,0.36,5,9.3,0.538,0.539,0.9,2,0.429,4.3,7.7,12,2.4,0.9,0.7,1.1,2,14.7,,
Chris Paul,36,65,65,32.9,5.6,11.3,0.493,1,3.1,0.317,4.6,8.3,0.559,0.536,2.6,3.1,0.837,0.3,4,4.4,10.8,1.9,0.3,2.4,2.1,14.7,,
Bobby Portis,26,72,59,28.2,5.8,12.1,0.479,1.8,4.7,0.393,3.9,7.4,0.533,0.555,1.2,1.6,0.752,2.5,6.6,9.1,1.2,0.7,0.7,1.3,2.4,14.6,,
Mikal Bridges,25,82,82,34.8,5.6,10.5,0.534,1.4,3.8,0.369,4.2,6.7,0.628,0.601,1.6,1.9,0.834,0.9,3.3,4.2,2.3,1.2,0.4,0.8,1.8,14.2,,
Tim Hardaway Jr.,29,42,20,29.6,5,12.6,0.394,2.4,7.2,0.336,2.5,5.4,0.473,0.491,1.9,2.5,0.757,0.3,3.4,3.7,2.2,0.9,0.1,0.8,1.8,14.2,,
Evan Fournier,29,80,80,29.5,5,12.1,0.417,3,7.7,0.389,2,4.3,0.465,0.541,1,1.4,0.708,0.4,2.2,2.6,2.1,1,0.3,1.3,2.3,14.1,,
Malik Monk,23,76,37,28.1,5.1,10.9,0.473,2.3,5.8,0.391,2.9,5.1,0.568,0.578,1.2,1.5,0.795,0.5,2.9,3.4,2.9,0.8,0.4,1.6,1.8,13.8,,
Spencer Dinwiddie,28,67,51,29.6,4.6,11,0.416,1.7,4.9,0.339,2.9,6,0.479,0.493,2.9,3.8,0.774,0.7,3.5,4.2,5.2,0.7,0.2,1.6,2.2,13.7,,
Spencer Dinwiddie,28,44,44,30.2,4.2,11.2,0.376,1.6,5.1,0.31,2.6,6,0.432,0.447,2.6,3.3,0.811,0.8,3.9,4.7,5.8,0.6,0.2,1.7,2.4,12.6,,
Spencer Dinwiddie,28,23,7,28.3,5.3,10.6,0.498,1.8,4.5,0.404,3.4,6,0.568,0.584,3.4,4.7,0.725,0.4,2.7,3.1,3.9,0.7,0.3,1.3,1.9,15.8,,
Mike Conley,34,72,72,28.6,4.8,11,0.435,2.3,5.8,0.408,2.4,5.2,0.464,0.542,1.8,2.3,0.796,0.7,2.4,3,5.3,1.3,0.3,1.7,2,13.7,,
Kevin Love,33,74,4,22.5,4.4,10.3,0.43,2.5,6.4,0.392,1.9,3.8,0.493,0.553,2.2,2.7,0.838,1.2,6.1,7.2,2.2,0.4,0.2,1.3,1.4,13.6,,
Dennis Schröder,28,64,29,28.7,4.9,11.3,0.431,1.3,3.9,0.344,3.5,7.4,0.477,0.49,2.5,2.9,0.853,0.5,2.8,3.3,4.6,0.8,0.1,2.2,2.4,13.5,,
Dennis Schröder,28,49,25,29.2,5.2,11.9,0.44,1.4,3.9,0.349,3.9,8,0.485,0.497,2.5,3,0.848,0.6,2.8,3.3,4.2,0.8,0.1,2.1,2.4,14.4,,
Dennis Schröder,28,15,4,26.9,3.7,9.3,0.393,1.3,3.9,0.328,2.4,5.5,0.439,0.461,2.3,2.6,0.872,0.4,2.9,3.3,5.9,0.8,0.2,2.6,2.5,10.9,,
Jakob Poeltl,26,68,67,29,6,9.8,0.618,0,0,1,6,9.7,0.618,0.619,1.4,2.8,0.495,3.9,5.5,9.3,2.8,0.7,1.7,1.6,3.1,13.5,,
Eric Gordon,33,57,46,29.3,4.7,9.9,0.475,2.2,5.3,0.412,2.5,4.6,0.548,0.585,1.8,2.4,0.778,0.3,1.7,2,2.7,0.5,0.3,1.9,1.1,13.4,,
De'Andre Hunter,24,53,52,29.8,4.8,10.8,0.442,1.4,3.7,0.379,3.4,7.2,0.474,0.506,2.4,3.1,0.765,0.5,2.8,3.3,1.3,0.7,0.4,1.3,2.9,13.4,,
Kyle Lowry,35,63,63,33.9,4.4,10,0.44,2.3,6.1,0.377,2.1,3.9,0.539,0.555,2.3,2.8,0.851,0.5,4,4.5,7.5,1.1,0.3,2.7,2.8,13.4,,
Carmelo Anthony,37,69,3,26,4.6,10.5,0.441,2.2,5.8,0.375,2.5,4.7,0.521,0.544,1.9,2.3,0.83,0.9,3.3,4.2,1,0.7,0.8,0.9,2.4,13.3,,
Derrick White,27,75,52,29.3,4.5,10.7,0.421,1.5,4.9,0.312,3,5.7,0.515,0.493,2.7,3.1,0.864,0.5,3,3.5,4.9,0.9,0.8,1.6,2.3,13.2,,
Derrick White,27,49,48,30.3,5,11.6,0.426,1.7,5.3,0.314,3.3,6.4,0.519,0.497,2.8,3.3,0.869,0.5,3,3.5,5.6,1,0.9,1.8,2.4,14.4,,
Derrick White,27,26,4,27.4,3.6,8.8,0.409,1.3,4.3,0.306,2.3,4.6,0.504,0.483,2.5,2.9,0.853,0.5,2.9,3.4,3.5,0.6,0.6,1.2,2.2,11,,
Kentavious Caldwell-Pope,28,77,77,30.2,4.7,10.8,0.435,2.1,5.3,0.39,2.6,5.5,0.48,0.531,1.8,2,0.89,0.5,2.9,3.4,1.9,1.1,0.3,1.3,1.8,13.2,,
Montrezl Harrell,28,71,3,23.1,5,7.8,0.645,0.1,0.2,0.235,5,7.6,0.658,0.649,3,4.2,0.716,2.1,4,6.1,2,0.4,0.6,1,1.9,13.1,,
Montrezl Harrell,28,46,3,24.3,5.4,8.3,0.645,0.1,0.3,0.267,5.3,8,0.66,0.65,3.2,4.5,0.727,2.1,4.6,6.7,2.1,0.4,0.7,1.1,1.9,14.1,,
Montrezl Harrell,28,25,0,21,4.4,6.9,0.645,0,0.1,0,4.4,6.8,0.653,0.645,2.5,3.6,0.692,2.1,2.8,4.9,2,0.4,0.5,0.9,2,11.4,,
Chris Duarte,24,55,39,28,4.9,11.3,0.432,1.7,4.6,0.369,3.2,6.7,0.475,0.507,1.6,2,0.804,0.7,3.4,4.1,2.1,1,0.2,1.6,1.7,13.1,,
Ricky Rubio,31,34,8,28.5,4.4,12.1,0.363,1.7,5.1,0.339,2.6,7,0.38,0.434,2.6,3,0.854,0.4,3.7,4.1,6.6,1.4,0.2,2.6,2.2,13.1,,
Lonzo Ball,24,35,35,34.6,4.6,10.9,0.423,3.1,7.4,0.423,1.5,3.5,0.423,0.567,0.6,0.8,0.75,1,4.4,5.4,5.1,1.8,0.9,2.3,2.4,13,,
LaMarcus Aldridge,36,47,12,22.3,5.4,9.7,0.55,0.3,1,0.304,5.1,8.8,0.578,0.566,1.9,2.2,0.873,1.6,3.9,5.5,0.9,0.3,1,0.9,1.7,12.9,,
Myles Turner,25,42,42,29.4,4.8,9.4,0.509,1.5,4.4,0.333,3.3,5,0.662,0.587,1.9,2.5,0.752,1.5,5.5,7.1,1,0.7,2.8,1.3,2.8,12.9,,
Brandon Williams,22,24,16,26.7,4.4,11.8,0.372,1.3,4.4,0.292,3.1,7.3,0.42,0.427,2.8,4,0.701,0.8,2.3,3.1,3.9,1,0.4,2.4,2.2,12.9,,
Coby White,21,61,17,27.5,4.6,10.6,0.433,2.2,5.8,0.385,2.3,4.8,0.491,0.539,1.3,1.5,0.857,0.3,2.7,3,2.9,0.5,0.2,1.1,2.2,12.7,,
Monte Morris,26,75,74,29.9,5,10.3,0.484,1.7,4.2,0.395,3.3,6.1,0.545,0.564,1,1.1,0.869,0.4,2.7,3,4.4,0.7,0.2,1,1.2,12.6,,
Josh Giddey,19,54,54,31.5,5.2,12.4,0.419,1,3.9,0.263,4.2,8.5,0.492,0.461,1,1.5,0.709,1.8,6,7.8,6.4,0.9,0.4,3.2,1.6,12.5,,
Cameron Johnson,25,66,16,26.2,4.2,9.2,0.46,2.5,5.9,0.425,1.7,3.3,0.523,0.596,1.5,1.7,0.86,0.6,3.5,4.1,1.5,0.9,0.2,0.7,1.7,12.5,,
Brook Lopez,33,13,11,22.9,4.7,10.1,0.466,1.5,4.1,0.358,3.2,6,0.538,0.538,1.5,1.8,0.87,1.5,2.6,4.1,0.5,0.6,1.2,0.9,2.6,12.4,,
Victor Oladipo,29,8,1,21.6,4.4,9.1,0.479,1.9,4.5,0.417,2.5,4.6,0.541,0.582,1.8,2.4,0.737,0.4,2.5,2.9,3.5,0.6,0.1,2,1.6,12.4,,
Devin Vassell,21,71,32,27.3,4.6,10.8,0.427,1.9,5.4,0.361,2.7,5.4,0.492,0.516,1.2,1.4,0.838,0.6,3.7,4.3,1.9,1.1,0.6,0.8,2,12.3,,
Malik Beasley,25,79,18,25,4.2,10.8,0.391,3,8.1,0.377,1.2,2.7,0.432,0.532,0.6,0.8,0.817,0.3,2.5,2.9,1.5,0.5,0.2,0.5,1.1,12.1,,
Kevin Huerter,23,74,60,29.6,4.7,10.3,0.454,2.2,5.6,0.389,2.5,4.7,0.53,0.559,0.6,0.7,0.808,0.4,3,3.4,2.7,0.7,0.4,1.2,2.5,12.1,,
Marcus Smart,27,71,71,32.3,4.2,10.1,0.418,1.7,5.1,0.331,2.5,5,0.506,0.501,2,2.5,0.793,0.6,3.2,3.8,5.9,1.7,0.3,2.2,2.3,12.1,,
Lonnie Walker IV,23,70,6,23,4.4,10.9,0.407,1.6,5,0.314,2.9,5.9,0.487,0.48,1.7,2.1,0.784,0.3,2.3,2.6,2.2,0.6,0.3,1,1.4,12.1,,
Derrick Rose,33,26,4,24.5,4.7,10.5,0.445,1.4,3.5,0.402,3.3,7,0.467,0.513,1.2,1.2,0.968,0.8,2.2,3,4,0.8,0.5,1.5,0.6,12,,
Devonte' Graham,26,76,63,28.4,3.9,10.7,0.363,2.5,7.4,0.341,1.4,3.3,0.413,0.481,1.6,1.8,0.843,0.5,1.8,2.3,4.2,0.9,0.2,1.4,1.3,11.9,,
Luke Kennard,25,70,13,27.4,4.1,9.1,0.449,2.7,6,0.449,1.4,3.1,0.449,0.598,1,1.1,0.896,0.3,3,3.3,2.1,0.6,0.1,0.9,1.4,11.9,,
Jalen Suggs,20,48,45,27.2,4.1,11.4,0.361,0.9,4.1,0.214,3.3,7.3,0.443,0.4,2.6,3.4,0.773,0.5,3,3.6,4.4,1.2,0.4,3,3,11.8,,
Jae'Sean Tate,26,78,77,26.4,4.7,9.3,0.498,0.8,2.6,0.312,3.8,6.8,0.569,0.541,1.7,2.4,0.707,1.7,3.7,5.4,2.8,0.9,0.5,1.8,3.7,11.8,,
Alec Burks,30,81,44,28.6,3.5,9,0.391,1.9,4.8,0.404,1.6,4.2,0.378,0.499,2.7,3.3,0.822,0.6,4.3,4.9,3,1,0.3,1.1,2.7,11.7,,
Danilo Gallinari,33,66,18,25.3,3.9,9,0.434,1.7,4.5,0.381,2.2,4.6,0.485,0.528,2.1,2.4,0.904,0.5,4.1,4.7,1.5,0.4,0.2,0.6,1.4,11.7,,
Kemba Walker,31,37,37,25.6,4,10,0.403,2,5.4,0.367,2.1,4.6,0.444,0.501,1.6,1.9,0.845,0.4,2.6,3,3.5,0.7,0.2,1.3,1,11.6,,
Davion Mitchell,23,75,19,27.7,4.7,11.2,0.418,1.3,4.3,0.316,3.3,7,0.48,0.477,0.7,1.1,0.659,0.4,1.8,2.2,4.2,0.7,0.3,1.5,1.9,11.5,,
Cameron Oliver,25,2,0,21.5,5,7.5,0.667,0.5,1.5,0.333,4.5,6,0.75,0.7,1,1.5,0.667,1,2,3,1.5,0.5,0.5,0,2.5,11.5,,
Patty Mills,33,81,48,29,4,9.8,0.408,2.8,7,0.4,1.2,2.8,0.429,0.551,0.6,0.7,0.814,0.2,1.7,1.9,2.3,0.6,0.2,0.9,1.4,11.4,,
Marvin Bagley III,22,48,25,24,4.7,9.3,0.504,0.5,2,0.237,4.2,7.3,0.579,0.53,1.4,2.1,0.663,2.2,4.9,7,0.8,0.5,0.4,0.8,1.9,11.3,,
Marvin Bagley III,22,30,17,22.1,3.8,8.2,0.463,0.5,2.1,0.242,3.3,6.1,0.538,0.494,1.2,1.6,0.745,2.2,4.9,7.2,0.6,0.3,0.4,0.7,1.7,9.3,,
Marvin Bagley III,22,18,8,27.2,6.2,11.1,0.555,0.4,1.9,0.229,5.7,9.2,0.624,0.575,1.8,3,0.593,2.1,4.7,6.8,1.1,0.7,0.4,1,2.4,14.6,,
Rui Hachimura,23,42,13,22.5,4.5,9.1,0.491,1.3,2.9,0.447,3.1,6.1,0.512,0.563,1.1,1.6,0.697,0.6,3.2,3.8,1.1,0.5,0.2,0.8,1.3,11.3,,
Joe Harris,30,14,14,30.2,4,8.9,0.452,2.9,6.3,0.466,1.1,2.6,0.417,0.617,0.4,0.4,0.833,0.4,3.6,4,1,0.5,0.1,1.1,2.2,11.3,,
Doug McDermott,30,51,51,24,4.2,9.1,0.462,2.1,5,0.422,2.1,4.1,0.512,0.578,0.8,1,0.784,0.4,1.9,2.3,1.3,0.3,0.1,0.8,1.5,11.3,,
Immanuel Quickley,22,78,3,23.1,3.6,9.3,0.392,1.8,5.1,0.346,1.9,4.2,0.448,0.487,2.3,2.6,0.881,0.4,2.8,3.2,3.5,0.7,0,1.3,2.1,11.3,,
Grayson Allen,26,66,61,27.3,3.9,8.6,0.448,2.4,5.9,0.409,1.5,2.7,0.533,0.588,1,1.1,0.865,0.5,2.9,3.4,1.5,0.7,0.3,0.7,1.5,11.1,,
Clint Capela,27,74,73,27.6,5,8.2,0.613,0,0,0,5,8.1,0.614,0.613,1.1,2.3,0.473,3.8,8.1,11.9,1.2,0.7,1.3,0.6,2.2,11.1,,
Gary Harris,27,61,30,28.4,3.9,9.1,0.434,1.9,5,0.384,2,4.1,0.494,0.539,1.4,1.6,0.874,0.6,1.4,2,1.8,1,0.1,1,1.8,11.1,,
Hamidou Diallo,23,58,29,21.9,4.5,9.1,0.496,0.4,1.6,0.247,4.1,7.5,0.55,0.518,1.6,2.4,0.65,1.2,3.6,4.8,1.3,1.2,0.3,1,2.5,11,,
Dorian Finney-Smith,28,80,80,33.1,4.1,8.7,0.471,2.2,5.4,0.395,1.9,3.2,0.599,0.595,0.7,1,0.675,1.5,3.2,4.7,1.9,1.1,0.5,1,2.3,11,,
Zavier Simpson,24,4,4,43.5,4.8,13,0.365,0.3,2,0.125,4.5,11,0.409,0.375,1.3,1.3,1,0.5,4.8,5.3,7.5,1.3,1,2.5,3.8,11,,
Duncan Robinson,27,79,68,25.9,3.7,9.2,0.399,2.9,7.9,0.372,0.7,1.3,0.569,0.559,0.6,0.8,0.836,0.3,2.3,2.6,1.6,0.5,0.2,0.8,2.5,10.9,,
Darius Bazley,21,69,53,27.9,4,9.4,0.422,1.2,3.9,0.297,2.8,5.5,0.511,0.484,1.7,2.5,0.688,1,5.3,6.3,1.4,0.8,1,1.3,1,10.8,,
Markelle Fultz,23,18,3,20,4.6,9.7,0.474,0.2,0.9,0.235,4.4,8.8,0.5,0.486,1.4,1.7,0.806,0.2,2.5,2.7,5.5,1.1,0.3,2.2,1.2,10.8,,
Terance Mann,25,81,33,28.6,4.1,8.5,0.484,0.9,2.6,0.365,3.2,6,0.535,0.539,1.6,2,0.78,1.3,4,5.2,2.6,0.7,0.3,1,2.2,10.8,,
De'Anthony Melton,23,73,15,22.7,3.8,9.5,0.404,1.9,5.1,0.374,1.9,4.4,0.44,0.504,1.2,1.6,0.75,0.9,3.6,4.5,2.7,1.4,0.5,1.5,1.8,10.8,,
Cameron Payne,27,58,12,22,4.1,10.1,0.409,1.2,3.6,0.336,2.9,6.5,0.449,0.469,1.3,1.5,0.843,0.4,2.6,3,4.9,0.7,0.3,1.8,2.1,10.8,,
Melvin Frazier,25,3,0,40,4.3,16,0.271,0.3,7,0.048,4,9,0.444,0.281,1.7,2.3,0.714,1.7,2.7,4.3,0.3,0.3,0,1,2.7,10.7,,
Cedi Osman,26,66,3,22.2,3.7,8.7,0.432,1.9,5.4,0.357,1.8,3.2,0.559,0.544,1.3,2,0.664,0.4,1.8,2.2,2,0.8,0.2,1,1.9,10.7,,
Nickeil Alexander-Walker,23,65,21,22.6,3.9,10.5,0.372,1.6,5.2,0.311,2.3,5.3,0.433,0.449,1.2,1.7,0.743,0.6,2.3,2.9,2.4,0.7,0.4,1.4,1.6,10.6,,
Nickeil Alexander-Walker,23,50,19,26.3,4.7,12.6,0.375,1.9,6.1,0.311,2.8,6.5,0.434,0.45,1.4,1.9,0.722,0.7,2.6,3.3,2.8,0.8,0.4,1.7,1.8,12.8,,
Nickeil Alexander-Walker,23,15,2,9.9,1.1,3.2,0.333,0.7,2.2,0.303,0.4,1,0.4,0.438,0.7,0.8,0.917,0.1,1.5,1.5,1.1,0.3,0.3,0.5,1,3.5,,
Mo Bamba,23,71,69,25.7,4.2,8.7,0.48,1.5,4,0.381,2.7,4.7,0.563,0.566,0.8,1,0.781,2.1,6,8.1,1.2,0.5,1.7,1.1,2.6,10.6,,
Frank Jackson,23,53,7,22,3.7,9.1,0.402,1.6,5.3,0.308,2,3.8,0.529,0.491,1.6,2,0.827,0.4,1.3,1.6,1,0.5,0.2,0.7,1.7,10.6,,
Frank Kaminsky,28,9,0,20.1,4,7.3,0.545,0.6,1.7,0.333,3.4,5.7,0.608,0.583,2,2.2,0.9,1.2,3.3,4.6,1.4,0.9,0.8,0.6,1.6,10.6,,
Max Strus,25,68,16,23.3,3.7,8.3,0.441,2.7,6.5,0.41,1,1.8,0.557,0.602,0.6,0.8,0.792,0.4,2.6,3,1.4,0.4,0.2,0.8,1.7,10.6,,
Trey Lyles,26,75,23,20.5,3.5,7.5,0.466,0.9,2.8,0.321,2.6,4.7,0.552,0.526,2.6,3.2,0.802,1.2,3.9,5.1,1.2,0.4,0.4,1,1.6,10.5,,
Trey Lyles,26,51,3,19.4,3.4,7.5,0.456,0.9,2.9,0.301,2.6,4.7,0.55,0.513,2.7,3.5,0.784,1.2,3.6,4.8,1.1,0.4,0.5,1.1,1.8,10.4,,
Trey Lyles,26,24,20,22.8,3.6,7.4,0.489,1,2.6,0.365,2.7,4.8,0.557,0.553,2.4,2.8,0.851,1.2,4.4,5.6,1.3,0.3,0.3,0.8,1.3,10.6,,
Brandon Clarke,25,64,1,19.5,4.5,7,0.644,0.1,0.3,0.227,4.4,6.6,0.666,0.65,1.3,2,0.654,2.1,3.2,5.3,1.3,0.6,1.1,0.5,1.9,10.4,,
Terence Davis,24,30,11,17.9,3.8,8.9,0.423,1.6,5,0.329,2.1,3.9,0.542,0.515,1.2,1.5,0.818,0.4,2.8,3.1,1.3,0.8,0.4,1.1,2.3,10.4,,
Richaun Holmes,28,45,37,23.9,4.4,6.7,0.66,0,0.1,0.4,4.4,6.6,0.664,0.663,1.6,2,0.778,2.1,5,7,1.1,0.4,0.9,1.2,2.8,10.4,,
Tre Mann,20,60,26,22.8,3.9,9.8,0.393,1.6,4.5,0.36,2.2,5.3,0.421,0.476,1.1,1.4,0.793,0.4,2.4,2.9,1.5,0.8,0.2,1.2,1.7,10.4,,
Jeff Green,35,75,63,24.7,3.7,7.1,0.524,0.7,2.2,0.315,3,4.8,0.62,0.574,2.2,2.6,0.833,0.5,2.5,3.1,1.3,0.4,0.4,0.9,2,10.3,,
P.J. Washington,23,65,28,27.2,3.8,8.2,0.47,1.7,4.6,0.365,2.2,3.6,0.606,0.573,0.9,1.2,0.716,1.3,3.9,5.2,2.3,0.9,0.9,1.3,2.3,10.3,,
Ivica Zubac,24,76,76,24.4,4.1,6.5,0.626,0,0,,4.1,6.5,0.626,0.626,2.2,3,0.727,2.9,5.6,8.5,1.6,0.5,1,1.5,2.7,10.3,,
Josh Richardson,28,65,7,24.6,3.6,8.2,0.438,1.6,3.8,0.415,2,4.4,0.458,0.534,1.5,1.7,0.889,0.6,2.2,2.8,1.8,0.9,0.4,1,1.8,10.2,,
Josh Richardson,28,44,0,24.7,3.5,7.8,0.443,1.4,3.5,0.397,2,4.3,0.481,0.534,1.4,1.6,0.859,0.6,2.3,2.8,1.5,0.8,0.5,0.9,1.9,9.7,,
Josh Richardson,28,21,7,24.4,3.9,9.1,0.429,1.9,4.3,0.444,2,4.8,0.416,0.534,1.7,1.8,0.946,0.8,2.1,2.9,2.3,1,0.3,1.3,1.6,11.4,,
Al Horford,35,69,69,29.1,3.9,8.2,0.467,1.3,3.8,0.336,2.6,4.4,0.582,0.546,1.2,1.4,0.842,1.6,6.1,7.7,3.4,0.7,1.3,0.9,1.9,10.2,,
Ben McLemore,28,64,6,20.1,3.4,8.4,0.401,2.4,6.5,0.362,1,1.9,0.533,0.541,1.1,1.4,0.818,0.2,1.4,1.6,0.9,0.6,0.2,0.9,1.6,10.2,,
Cam Reddish,22,49,7,20.7,3.4,8.3,0.404,1.3,3.8,0.359,2,4.6,0.442,0.485,2.1,2.3,0.902,0.5,1.6,2.1,1,1,0.3,1.2,1.2,10.1,,
Cam Reddish,22,34,7,23.4,4.1,10.1,0.402,1.7,4.5,0.379,2.4,5.6,0.421,0.487,2.1,2.4,0.9,0.6,1.9,2.5,1.1,1,0.3,1.3,1.3,11.9,,
Cam Reddish,22,15,0,14.3,1.8,4.3,0.415,0.5,2.1,0.258,1.3,2.3,0.559,0.477,1.9,2.1,0.906,0.3,1.1,1.4,0.7,0.8,0.3,0.9,1,6.1,,
Justin Holiday,32,74,65,27.8,3.5,8.9,0.394,2.4,6.5,0.367,1.1,2.4,0.467,0.528,0.7,0.8,0.806,0.4,2.2,2.6,1.7,0.8,0.4,0.9,2.1,10.1,,
Justin Holiday,32,49,40,28.9,3.9,9.3,0.415,2.6,6.9,0.378,1.3,2.5,0.516,0.553,0.7,0.8,0.829,0.4,2.4,2.8,1.8,0.7,0.4,1,2.1,11,,
Justin Holiday,32,25,25,25.6,2.8,8.2,0.348,2,5.8,0.342,0.8,2.3,0.362,0.471,0.6,0.8,0.762,0.4,1.8,2.2,1.5,0.8,0.6,0.8,2,8.3,,
Bones Hyland,21,69,4,19,3.3,8.3,0.403,1.9,5.2,0.366,1.4,3.1,0.465,0.518,1.6,1.8,0.856,0.2,2.5,2.7,2.8,0.6,0.3,1.2,2.2,10.1,,
Isaiah Roby,23,45,28,21.1,3.7,7.2,0.514,1,2.2,0.444,2.7,5,0.545,0.582,1.7,2.6,0.672,1.7,3.2,4.8,1.6,0.8,0.8,1,2.4,10.1,,
Devin Cannady,25,5,0,29,3,8.8,0.341,3,7.4,0.405,0,1.4,0,0.511,1,1.4,0.714,0.2,1,1.2,2,1,0.6,1,1.8,10,,
Talen Horton-Tucker,21,60,19,25.2,3.7,9,0.416,0.8,3,0.269,2.9,5.9,0.492,0.462,1.7,2.1,0.8,0.6,2.6,3.2,2.7,1,0.5,1.4,2.5,10,,
Garrison Mathews,25,65,33,26.3,2.8,7.1,0.399,2.1,5.9,0.36,0.7,1.2,0.6,0.55,2.2,2.8,0.794,0.5,2.4,2.9,1,0.9,0.4,0.6,2.6,10,,
Terrence Ross,30,63,0,23,3.5,8.8,0.397,1.2,4.2,0.292,2.3,4.6,0.493,0.467,1.8,2.1,0.862,0.3,2.2,2.6,1.8,0.4,0.2,1.2,1.1,10,,
Robert Williams,24,61,61,29.6,4.4,6,0.736,0,0,0,4.4,6,0.738,0.736,1.1,1.5,0.722,3.9,5.7,9.6,2,0.9,2.2,1,2.2,10,,
Eric Bledsoe,32,54,29,25.2,3.6,8.7,0.421,0.9,3,0.313,2.7,5.6,0.479,0.475,1.6,2.2,0.761,0.5,2.9,3.4,4.2,1.3,0.4,2.1,1.6,9.9,,
Pat Connaughton,29,65,19,26,3.5,7.6,0.458,2.2,5.7,0.395,1.2,1.9,0.643,0.605,0.7,0.8,0.833,0.7,3.5,4.2,1.3,0.9,0.2,0.5,1.3,9.9,,
Michael Porter Jr.,23,9,9,29.4,4.1,11.4,0.359,1.1,5.3,0.208,3,6.1,0.491,0.408,0.6,1,0.556,1,5.6,6.6,1.9,1.1,0.2,1.3,1.8,9.9,,
Duane Washington Jr.,21,48,7,20.2,3.6,8.9,0.405,1.7,4.5,0.377,1.9,4.4,0.434,0.5,1,1.3,0.754,0.1,1.6,1.7,1.8,0.5,0.1,1.2,1.4,9.9,,
Nassir Little,21,42,23,25.9,3.5,7.5,0.46,1.2,3.7,0.331,2.2,3.8,0.584,0.541,1.6,2.2,0.734,1.4,4.2,5.6,1.3,0.6,0.9,1,2,9.8,,
Alperen Şengün,19,72,13,20.7,3.5,7.3,0.474,0.4,1.6,0.248,3.1,5.7,0.539,0.502,2.3,3.2,0.711,1.9,3.5,5.5,2.6,0.8,0.9,2,3,9.6,,
Terry Taylor,22,33,7,21.6,4.1,6.7,0.614,0.4,1.2,0.316,3.7,5.5,0.676,0.641,1.1,1.5,0.706,2.9,2.3,5.2,1.2,0.4,0.2,0.7,1.8,9.6,,
Herbert Jones,23,78,69,29.9,3.5,7.4,0.476,0.7,2.2,0.337,2.8,5.2,0.533,0.525,1.8,2.1,0.84,1.3,2.5,3.8,2.1,1.7,0.8,1.3,3.1,9.5,,
Chris Boucher,29,80,9,21.1,3.4,7.2,0.464,0.9,2.9,0.297,2.5,4.4,0.575,0.523,1.9,2.4,0.777,2.2,3.9,6.2,0.3,0.6,0.9,0.5,2.2,9.4,,
Jae Crowder,31,67,67,28.1,3.2,8.1,0.399,1.9,5.4,0.348,1.3,2.7,0.503,0.516,1.1,1.3,0.789,0.4,4.8,5.3,1.9,1.4,0.4,0.8,2.6,9.4,,
Daniel Gafford,23,72,53,20.1,4,5.7,0.693,0,0,0,4,5.7,0.695,0.693,1.5,2.1,0.699,2.2,3.5,5.7,0.9,0.4,1.4,0.9,2.4,9.4,,
Jaxson Hayes,21,70,28,20,3.5,5.7,0.616,0.3,0.8,0.351,3.2,4.9,0.66,0.641,2.1,2.7,0.766,1.6,2.9,4.5,0.6,0.5,0.8,0.8,2.2,9.3,,
Jonathan Kuminga,19,70,12,16.9,3.4,6.6,0.513,0.7,2.1,0.336,2.7,4.4,0.598,0.567,1.9,2.7,0.684,0.8,2.6,3.3,0.9,0.4,0.3,1.1,2.1,9.3,,
Jalen Smith,21,51,8,18.1,3.5,6.9,0.503,0.8,2.4,0.328,2.7,4.5,0.596,0.56,1.5,2,0.765,2,4,6,0.5,0.3,0.8,0.8,1.9,9.2,,
Jalen Smith,21,29,4,13.2,2.2,4.7,0.46,0.3,1.3,0.231,1.9,3.4,0.551,0.493,1.4,1.8,0.769,1.9,2.9,4.8,0.2,0.2,0.6,0.8,1.8,6,,
Jalen Smith,21,22,4,24.7,5.1,9.7,0.531,1.4,3.8,0.373,3.7,5.9,0.631,0.603,1.7,2.3,0.76,2.1,5.5,7.6,0.8,0.4,1,0.9,2,13.4,,
Reggie Perry,21,10,1,18.7,4,7.9,0.506,0.3,1.6,0.188,3.7,6.3,0.587,0.525,0.9,1.5,0.6,1.5,3.2,4.7,1.2,0.9,0.6,1.1,3.3,9.2,,
Reggie Perry,21,9,1,19.7,4.3,8.7,0.5,0.3,1.8,0.188,4,6.9,0.581,0.519,1,1.7,0.6,1.7,3.4,5.1,1.3,1,0.7,1.2,3.3,10,,
Reggie Perry,21,1,0,10,1,1,1,0,0,,1,1,1,1,0,0,,0,1,1,0,0,0,0,3,2,,
Patrick Beverley,33,58,54,25.4,3.1,7.5,0.406,1.4,4.2,0.343,1.6,3.3,0.485,0.501,1.7,2.3,0.722,1.1,3.1,4.1,4.6,1.2,0.9,1.3,3,9.2,,
Caleb Martin,26,60,12,22.9,3.5,6.8,0.507,1.1,2.6,0.413,2.4,4.3,0.565,0.585,1.2,1.6,0.763,1.2,2.7,3.8,1.1,1,0.5,0.9,1.7,9.2,,
Jaden McDaniels,21,70,31,25.8,3.6,7.9,0.46,1.1,3.6,0.317,2.5,4.3,0.579,0.532,0.8,1,0.803,1.1,3.1,4.2,1.1,0.7,0.8,1.1,3.2,9.2,,
JaVale McGee,34,74,17,15.8,3.9,6.2,0.629,0,0.1,0.222,3.9,6.1,0.637,0.631,1.4,2,0.699,2.2,4.5,6.7,0.6,0.3,1.1,1.3,2.4,9.2,,
Georges Niang,28,76,7,22.8,3.2,7.4,0.437,2.1,5.1,0.403,1.2,2.3,0.511,0.575,0.7,0.8,0.881,0.3,2.3,2.7,1.3,0.4,0.2,0.8,2.5,9.2,,
Precious Achiuwa,22,73,28,23.6,3.6,8.3,0.439,0.8,2.1,0.359,2.9,6.1,0.468,0.486,1.1,1.8,0.595,2,4.5,6.5,1.1,0.5,0.6,1.2,2.1,9.1,,
Oshae Brissett,23,67,25,23.3,3.1,7.6,0.411,1.2,3.5,0.35,1.9,4,0.465,0.493,1.7,2.4,0.695,1.6,3.7,5.3,1.1,0.7,0.4,0.8,1.7,9.1,,
Willy Hernangómez,27,50,8,16.8,3.4,6.5,0.52,0.1,0.2,0.333,3.3,6.3,0.527,0.526,2.2,2.8,0.773,2.9,3.9,6.8,1.3,0.4,0.4,1,1.9,9.1,,
Kelly Olynyk,30,40,1,19.1,3.2,7.2,0.448,1,3,0.336,2.2,4.2,0.527,0.517,1.7,2.2,0.775,1.4,3.1,4.4,2.8,0.8,0.5,1.5,2.5,9.1,,
Donte DiVincenzo,25,42,1,24,2.8,8,0.351,1.8,5.2,0.339,1,2.8,0.373,0.461,1.7,2,0.843,1,3.1,4,2.8,1.1,0.2,1.7,1.6,9,,
Donte DiVincenzo,25,17,0,20.1,2.3,6.9,0.331,1.2,4.4,0.284,1.1,2.6,0.409,0.419,1.4,1.6,0.852,1.1,2.5,3.5,1.7,0.6,0.2,1.6,1.5,7.2,,
Donte DiVincenzo,25,25,1,26.6,3.2,8.7,0.362,2.1,5.8,0.368,1,3,0.351,0.484,1.9,2.2,0.839,0.9,3.5,4.4,3.6,1.5,0.2,1.8,1.7,10.3,,
DeMarcus Cousins,31,48,7,15,3.1,6.8,0.46,0.8,2.5,0.303,2.3,4.2,0.554,0.517,2,2.6,0.76,1.5,4.1,5.6,1.5,0.7,0.4,1.8,2.9,9,,
DeMarcus Cousins,31,17,5,16.9,3.2,6.9,0.466,0.8,2.8,0.271,2.5,4.1,0.6,0.521,1.8,2.2,0.816,1.4,4.4,5.8,1.1,0.9,0.5,0.9,2.7,9.1,,
DeMarcus Cousins,31,31,2,13.9,3,6.6,0.456,0.8,2.4,0.324,2.3,4.3,0.53,0.515,2.1,2.8,0.736,1.6,3.9,5.5,1.7,0.6,0.4,2.2,3,8.9,,
Bruce Brown,25,72,45,24.6,3.6,7,0.506,0.5,1.3,0.404,3,5.7,0.529,0.543,1.3,1.8,0.758,1.4,3.4,4.8,2.1,1.1,0.7,0.8,2.4,9,,
Amir Coffey,24,69,30,22.7,3.1,6.8,0.453,1.4,3.7,0.378,1.7,3.1,0.542,0.556,1.5,1.7,0.863,0.4,2.5,2.9,1.8,0.6,0.2,0.7,1.3,9,,
Obi Toppin,23,72,10,17.1,3.5,6.6,0.531,0.7,2.3,0.308,2.8,4.2,0.655,0.586,1.3,1.7,0.758,1,2.8,3.7,1.1,0.3,0.5,0.8,1.4,9,,
Moritz Wagner,24,63,3,15.2,3.1,6.3,0.497,1,3.2,0.328,2.1,3.1,0.672,0.581,1.7,2,0.806,0.7,3,3.7,1.4,0.3,0.2,0.9,2,9,,
Patrick Williams,20,17,9,24.8,3.2,6,0.529,0.9,1.7,0.517,2.3,4.3,0.534,0.603,1.8,2.4,0.732,1,3.1,4.1,0.9,0.5,0.5,0.9,1.6,9,,
Chimezie Metu,24,60,20,21.3,3.4,7.5,0.452,1,3.1,0.306,2.4,4.4,0.555,0.516,1.2,1.5,0.78,0.6,5,5.6,1,0.9,0.5,1,1.6,8.9,,
Bryn Forbes,28,75,2,17.1,3.1,7.2,0.429,1.6,3.9,0.414,1.5,3.3,0.447,0.542,1.1,1.2,0.908,0.1,1.1,1.2,1,0.3,0.1,0.7,1.3,8.8,,
Bryn Forbes,28,40,1,16.9,3.2,7.4,0.432,1.6,3.8,0.417,1.6,3.6,0.448,0.539,1.1,1.2,0.898,0.1,1.5,1.6,1,0.4,0.1,0.8,1.1,9.1,,
Bryn Forbes,28,35,1,17.4,2.9,6.9,0.424,1.7,4.1,0.41,1.3,2.8,0.444,0.545,1,1.1,0.921,0.2,0.7,0.9,1,0.2,0.1,0.7,1.5,8.6,,
Ayo Dosunmu,22,77,40,27.4,3.6,6.9,0.52,0.9,2.4,0.376,2.7,4.5,0.596,0.585,0.7,1,0.679,0.4,2.4,2.8,3.3,0.8,0.4,1.4,2.4,8.8,,
KJ Martin,21,79,2,21,3.5,6.6,0.533,0.8,2.1,0.357,2.8,4.5,0.617,0.591,1,1.6,0.634,1,2.7,3.8,1.3,0.4,0.5,0.8,1.4,8.8,,
Isaac Okoro,21,67,61,29.6,3.1,6.4,0.48,0.8,2.3,0.35,2.3,4.1,0.555,0.544,1.8,2.3,0.768,1.1,1.9,3,1.8,0.8,0.3,0.9,2.4,8.8,,
Nic Claxton,22,47,19,20.7,3.8,5.6,0.674,0,0,,3.8,5.6,0.674,0.674,1.1,2,0.581,1.9,3.7,5.6,0.9,0.5,1.1,0.8,2.3,8.7,,
Tyus Jones,25,73,23,21.2,3.4,7.6,0.451,1.1,2.8,0.39,2.3,4.8,0.487,0.524,0.7,0.9,0.818,0.2,2.2,2.4,4.4,0.9,0,0.6,0.4,8.7,,
Dwight Powell,30,82,71,21.9,3.3,4.9,0.671,0.2,0.5,0.351,3.1,4.4,0.703,0.687,2,2.6,0.783,2.1,2.8,4.9,1.2,0.5,0.5,0.8,2.7,8.7,,
Gabe Vincent,25,68,27,23.4,3.1,7.5,0.417,1.8,4.8,0.368,1.4,2.8,0.5,0.533,0.6,0.8,0.815,0.3,1.5,1.9,3.1,0.9,0.2,1.4,2.3,8.7,,
Reggie Bullock,30,68,37,28,3,7.4,0.401,2.1,5.8,0.36,0.9,1.6,0.55,0.542,0.6,0.7,0.833,0.5,3.1,3.5,1.2,0.6,0.2,0.6,1.6,8.6,,
Chuma Okeke,23,70,20,25,3.1,8.2,0.376,1.7,5.3,0.318,1.4,2.9,0.48,0.478,0.8,0.9,0.846,0.7,4.3,5,1.7,1.4,0.6,0.8,1.4,8.6,,
Robert Covington,31,71,42,27.3,2.9,7,0.42,1.8,4.8,0.378,1.1,2.2,0.509,0.548,0.8,1,0.841,0.8,4.7,5.5,1.3,1.5,1.3,1.1,2.7,8.5,,
Robert Covington,31,48,40,29.8,2.7,7,0.381,1.6,4.8,0.343,1,2.2,0.462,0.499,0.6,0.8,0.833,0.9,4.9,5.7,1.4,1.5,1.3,1.2,2.8,7.6,,
Robert Covington,31,23,2,22.1,3.5,7,0.5,2.1,4.7,0.45,1.4,2.3,0.604,0.651,1.2,1.4,0.848,0.8,4.3,5.1,1,1.3,1.2,0.7,2.5,10.4,,
T.J. McConnell,29,27,8,24.1,3.7,7.7,0.481,0.4,1.2,0.303,3.3,6.5,0.514,0.505,0.7,0.9,0.826,0.7,2.6,3.3,4.9,1.1,0.4,1.1,2,8.5,,
Jaylen Nowell,22,62,1,15.7,3.2,6.7,0.475,1,2.6,0.394,2.1,4.1,0.526,0.551,1.2,1.5,0.783,0.4,1.6,2,2.1,0.4,0.2,0.6,1.2,8.5,,
Mitchell Robinson,23,72,62,25.7,3.6,4.8,0.761,0,0,,3.6,4.8,0.761,0.761,1.2,2.5,0.486,4.1,4.5,8.6,0.5,0.8,1.8,0.8,2.7,8.5,,
Cam Thomas,20,67,2,17.6,3.3,7.5,0.433,0.7,2.6,0.27,2.6,4.9,0.52,0.48,1.3,1.6,0.829,0.2,2.2,2.4,1.2,0.5,0.1,0.8,1,8.5,,
Isaiah Thomas,32,22,1,15.1,3,7.6,0.401,1.3,3.8,0.337,1.8,3.8,0.464,0.485,1,1.2,0.846,0.2,1.1,1.3,1.5,0.3,0.2,0.7,1.5,8.4,,
Isaiah Thomas,32,4,1,25.3,3,9.8,0.308,1.3,5.5,0.227,1.8,4.3,0.412,0.372,2,2.8,0.727,0.3,1.8,2,1.5,0,0.5,1.3,3,9.3,,
Isaiah Thomas,32,1,0,13,3,8,0.375,0,3,0,3,5,0.6,0.375,0,0,,0,0,0,4,0,0,0,0,6,,
Isaiah Thomas,32,17,0,12.9,3.1,7.1,0.433,1.4,3.4,0.397,1.7,3.6,0.468,0.529,0.8,0.9,0.933,0.2,1.1,1.2,1.4,0.4,0.2,0.6,1.3,8.3,,
Deni Avdija,21,82,8,24.2,3,7.1,0.432,1,3.2,0.317,2,3.9,0.525,0.503,1.3,1.7,0.757,0.6,4.5,5.2,2,0.7,0.5,1.1,2.3,8.4,,
Lance Stephenson,31,46,1,17.7,3.2,7,0.455,0.6,2,0.3,2.6,5.1,0.515,0.497,1.4,1.7,0.788,0.3,2.5,2.8,3.6,0.5,0.1,1.6,2.1,8.3,,
Lance Stephenson,31,6,0,11.7,0.8,2.2,0.385,0,0.5,0,0.8,1.7,0.5,0.385,0.2,0.3,0.5,0.2,2.3,2.5,1.8,0,0,0.7,1.3,1.8,,
Lance Stephenson,31,40,1,18.6,3.6,7.8,0.458,0.7,2.2,0.31,2.9,5.6,0.516,0.502,1.6,2,0.795,0.3,2.5,2.8,3.9,0.6,0.1,1.7,2.2,9.3,,
Nicolas Batum,33,59,54,24.8,3,6.6,0.463,1.8,4.6,0.4,1.2,2,0.607,0.602,0.4,0.6,0.658,0.5,3.8,4.3,1.7,1,0.7,0.7,1.4,8.3,,
Isaiah Hartenstein,23,68,0,17.9,3.4,5.4,0.626,0.2,0.4,0.467,3.2,4.9,0.64,0.645,1.3,1.9,0.689,1.7,3.2,4.9,2.4,0.7,1.1,1.2,2.5,8.3,,
Isaiah Jackson,20,36,15,15,3.2,5.7,0.563,0.1,0.4,0.313,3.1,5.3,0.584,0.575,1.7,2.4,0.682,1.7,2.5,4.1,0.3,0.7,1.4,1.1,2.6,8.3,,
Naz Reid,22,77,6,15.8,3,6.2,0.489,0.7,2.2,0.343,2.3,4,0.568,0.549,1.5,1.9,0.765,1.3,2.6,3.9,0.9,0.5,0.9,1.1,2.2,8.3,,
Landry Shamet,24,69,14,20.8,2.8,7,0.394,1.8,4.8,0.368,1,2.2,0.45,0.521,1,1.2,0.84,0.2,1.6,1.8,1.6,0.4,0.1,0.6,1.3,8.3,,
Isaiah Stewart,20,71,71,25.6,3.5,6.9,0.51,0.2,0.6,0.326,3.3,6.3,0.529,0.526,1,1.5,0.718,3.2,5.5,8.7,1.2,0.3,1.1,1.2,3,8.3,,
Aaron Wiggins,23,50,35,24.2,3.1,6.7,0.463,0.8,2.8,0.304,2.3,4,0.573,0.525,1.2,1.7,0.729,1,2.5,3.6,1.4,0.6,0.2,1.1,1.9,8.3,,
Daniel Theis,29,47,27,20.8,3.2,6.2,0.519,0.7,2.3,0.308,2.5,3.9,0.641,0.576,1,1.5,0.681,1.3,3.6,4.9,0.9,0.4,0.7,1,2.4,8.2,,
Daniel Theis,29,26,21,22.5,3.2,6.9,0.469,0.9,3,0.291,2.3,3.8,0.61,0.534,1,1.5,0.675,1.2,3.8,5,0.8,0.4,0.7,1.2,2.4,8.4,,
Daniel Theis,29,21,6,18.7,3.2,5.3,0.598,0.5,1.3,0.357,2.7,4,0.679,0.643,1,1.5,0.688,1.3,3.4,4.7,1,0.4,0.7,0.7,2.3,7.9,,
Corey Kispert,22,77,36,23.4,3,6.7,0.455,1.5,4.2,0.35,1.6,2.5,0.629,0.564,0.7,0.8,0.871,0.7,2,2.7,1.1,0.5,0.3,0.6,1.2,8.2,,
Shake Milton,25,55,6,21.4,3.1,7.3,0.429,0.8,2.4,0.323,2.4,4.9,0.481,0.483,1.1,1.3,0.836,0.5,2,2.6,2.5,0.5,0.3,0.8,1.8,8.2,,
Onyeka Okongwu,21,48,6,20.7,3.3,4.7,0.69,0,0,,3.3,4.7,0.69,0.69,1.7,2.3,0.727,2.4,3.5,5.9,1.1,0.6,1.3,0.9,3.1,8.2,,
Otto Porter Jr.,28,63,15,22.2,3.1,6.6,0.464,1.3,3.4,0.37,1.8,3.2,0.565,0.56,0.8,1,0.803,1.4,4.4,5.7,1.5,1.1,0.5,0.6,1.3,8.2,,
Hassan Whiteside,32,65,8,17.9,3.3,5.1,0.652,0,0,,3.3,5.1,0.652,0.652,1.6,2.6,0.623,2.6,5,7.6,0.4,0.3,1.6,0.8,2.8,8.2,,
Rudy Gay,35,55,1,18.9,2.9,6.9,0.414,1.3,3.7,0.345,1.6,3.2,0.494,0.507,1.1,1.4,0.785,1,3.4,4.4,1,0.5,0.3,0.9,1.7,8.1,,
Damian Jones,26,56,15,18.2,3.1,4.8,0.658,0.2,0.5,0.345,2.9,4.2,0.696,0.677,1.7,2.3,0.718,1.3,3.1,4.4,1.2,0.5,0.8,1.1,2.3,8.1,,
Ziaire Williams,20,62,31,21.7,3.1,6.8,0.45,1.2,3.9,0.314,1.9,2.9,0.632,0.54,0.7,0.9,0.782,0.4,1.7,2.1,1,0.6,0.2,0.7,1.8,8.1,,
Cory Joseph,30,65,39,24.6,2.7,6.2,0.445,1,2.4,0.414,1.7,3.7,0.465,0.526,1.5,1.7,0.885,0.4,2.2,2.7,3.6,0.6,0.3,1.3,2.3,8,,
Mike Muscala,30,43,0,13.8,2.6,5.8,0.456,1.6,3.8,0.429,1,2,0.506,0.597,1.1,1.3,0.842,0.5,2.5,3,0.5,0.4,0.6,0.3,1.3,8,,
Malik Newman,24,1,0,8,3,5,0.6,0,1,0,3,4,0.75,0.6,2,2,1,0,1,1,1,0,0,1,0,8,,
Lindy Waters III,24,25,1,18.6,2.8,7,0.406,2.1,5.8,0.363,0.7,1.2,0.621,0.557,0.2,0.2,0.8,0.2,2.7,2.9,1,0.8,0.3,0.4,1.2,8,,
Andre Drummond,28,73,36,19.7,3.4,5.9,0.57,0,0,0,3.4,5.9,0.574,0.57,1.2,2.2,0.524,3.1,6.2,9.3,1.8,1.1,0.9,1.6,2.6,7.9,,
Andre Drummond,28,49,12,18.4,2.6,4.9,0.538,0,0,0,2.6,4.8,0.542,0.538,0.9,1.7,0.512,2.8,6.1,8.8,2,1.1,0.9,1.6,2.5,6.1,,
Andre Drummond,28,24,24,22.3,5,8.1,0.61,0,0,0,5,8.1,0.613,0.61,1.8,3.4,0.537,3.9,6.4,10.3,1.4,0.9,1,1.5,3,11.8,,
Josh Christopher,20,74,2,18,3,6.8,0.448,0.8,2.6,0.296,2.3,4.2,0.54,0.504,1.1,1.5,0.735,0.7,1.8,2.5,2,0.9,0.2,1.5,1.3,7.9,,
Jordan Nwora,23,62,13,19.1,3,7.5,0.403,1.3,3.7,0.348,1.7,3.8,0.455,0.488,0.6,0.7,0.837,0.6,3,3.6,1,0.4,0.3,0.9,1.3,7.9,,
Zach Collins,24,28,4,17.9,2.7,5.5,0.49,0.5,1.5,0.341,2.2,4.1,0.544,0.535,1.9,2.3,0.8,1.6,3.8,5.5,2.2,0.5,0.8,1.6,2.4,7.8,,
Grant Williams,23,77,21,24.4,2.7,5.6,0.475,1.4,3.4,0.411,1.3,2.3,0.569,0.597,1.1,1.2,0.905,0.8,2.7,3.6,1,0.5,0.7,0.8,2.4,7.8,,
Drew Eubanks,24,71,31,17.5,3.1,5.2,0.596,0.1,0.3,0.217,3,4.9,0.621,0.602,1.4,1.8,0.762,1.8,3.5,5.4,1.2,0.4,0.6,1.1,1.7,7.7,,
Drew Eubanks,24,49,9,12.1,1.7,3.2,0.528,0,0.2,0.125,1.7,3.1,0.55,0.531,1.2,1.6,0.747,1.3,2.7,4,1,0.3,0.6,0.9,1.2,4.7,,
Drew Eubanks,24,22,22,29.5,6.2,9.6,0.646,0.2,0.7,0.267,6,9,0.675,0.656,1.8,2.3,0.784,3,5.5,8.5,1.6,0.8,0.5,1.6,2.8,14.5,,
Cody Martin,26,71,11,26.3,2.9,6,0.482,0.9,2.2,0.384,2,3.7,0.542,0.554,1.1,1.5,0.701,1.2,2.9,4,2.5,1.2,0.5,0.9,1.6,7.7,,
Kyle Anderson,28,69,11,21.5,3,6.8,0.446,0.5,1.6,0.33,2.5,5.2,0.481,0.484,1,1.5,0.638,1,4.3,5.3,2.7,1.1,0.7,1,1.6,7.6,,
Kris Dunn,27,14,3,24,3.1,7.3,0.431,0.1,0.8,0.091,3.1,6.5,0.473,0.436,1.2,1.3,0.944,0.6,2.9,3.5,5.6,1.6,0.2,2.3,2.7,7.6,,
R.J. Hampton,20,64,14,21.9,2.7,7.1,0.383,1,2.9,0.35,1.7,4.3,0.405,0.453,1.2,1.8,0.641,0.4,2.7,3,2.5,0.7,0.2,1.4,1.6,7.6,,
Furkan Korkmaz,24,67,19,21.1,2.7,7,0.387,1.1,4,0.289,1.6,3,0.515,0.469,1,1.3,0.81,0.3,2.3,2.6,1.9,0.5,0.1,0.7,0.9,7.6,,
Markieff Morris,32,17,1,17.5,3.2,6.7,0.474,0.8,2.3,0.333,2.4,4.4,0.547,0.531,0.5,0.5,0.889,1,1.6,2.6,1.4,0.4,0.1,1.2,1.9,7.6,,
Aleksej Pokusevski,20,61,12,20.2,3,7.5,0.408,0.9,3.2,0.289,2.1,4.2,0.498,0.47,0.6,0.8,0.7,1.2,4,5.2,2.1,0.6,0.6,1.5,1.4,7.6,,
P.J. Tucker,36,71,70,27.9,2.9,6,0.484,1.1,2.7,0.415,1.8,3.3,0.54,0.577,0.6,0.9,0.738,1.4,4,5.5,2.1,0.8,0.2,0.9,2.3,7.6,,
Trendon Watford,21,48,10,18.1,3,5.6,0.532,0.2,0.8,0.237,2.8,4.8,0.581,0.549,1.5,2,0.755,1.2,3,4.1,1.7,0.5,0.6,0.9,2.4,7.6,,
Goran Dragić,35,21,8,23.7,2.7,7.2,0.377,0.8,3,0.254,2,4.2,0.466,0.43,1.3,1.6,0.818,0.6,2.5,3.1,4.1,0.9,0.2,1.6,2.1,7.5,,
Goran Dragić,35,5,2,18,2.6,6.8,0.382,0.8,2.8,0.286,1.8,4,0.45,0.441,2,2,1,0.4,2.4,2.8,1.8,1,0.2,0.2,1.6,8,,
Goran Dragić,35,16,6,25.5,2.8,7.3,0.376,0.8,3.1,0.245,2,4.3,0.471,0.427,1.1,1.4,0.739,0.7,2.5,3.2,4.8,0.9,0.2,2.1,2.3,7.3,,
Draymond Green,31,46,44,28.9,2.9,5.6,0.525,0.3,1.2,0.296,2.6,4.4,0.586,0.556,1.3,2,0.659,1,6.3,7.3,7,1.3,1.1,3,3,7.5,,
Raul Neto,29,70,19,19.6,2.9,6.3,0.463,0.5,1.7,0.292,2.4,4.6,0.526,0.502,1.2,1.5,0.769,0.2,1.7,1.9,3.1,0.8,0,1.1,1.5,7.5,,
Jeremiah Robinson-Earl,21,49,36,22.2,2.7,6.6,0.414,1.2,3.4,0.352,1.6,3.2,0.478,0.503,0.8,1.1,0.741,1.5,4.1,5.6,1,0.6,0.3,0.8,1.5,7.5,,
D.J. Wilson,25,4,1,13.5,2.8,3.8,0.733,0,0.5,0,2.8,3.3,0.846,0.733,2,2.5,0.8,0.3,3.8,4,1.3,1.3,0.3,0.5,1.5,7.5,,
Thomas Bryant,24,27,9,16.3,2.9,5.5,0.52,0.4,1.6,0.286,2.4,3.9,0.613,0.561,1.3,1.5,0.875,1,3,4,0.9,0.2,0.8,0.7,1.6,7.4,,
Alex Caruso,27,41,18,28,2.5,6.2,0.398,1,3.1,0.333,1.5,3.2,0.462,0.48,1.4,1.8,0.795,0.8,2.8,3.6,4,1.7,0.4,1.4,2.6,7.4,,
Jared Harper,24,5,0,8.6,2.8,5.2,0.538,1,2.4,0.417,1.8,2.8,0.643,0.635,0.8,0.8,1,0.4,0,0.4,2.8,0.8,0.2,0.4,1,7.4,,
Damion Lee,29,63,5,19.9,2.7,6.1,0.441,1,3,0.337,1.7,3.1,0.541,0.523,1,1.2,0.88,0.4,2.8,3.2,1,0.6,0.1,0.6,1.5,7.4,,
Royce O'Neale,28,77,77,31.2,2.6,5.8,0.457,1.5,4,0.389,1.1,1.8,0.609,0.591,0.6,0.7,0.804,0.8,3.9,4.8,2.5,1.1,0.4,1,2.4,7.4,,
Kenrich Williams,27,49,0,21.9,3,6.5,0.461,0.8,2.5,0.339,2.1,4,0.536,0.525,0.6,1.1,0.545,1.5,3,4.5,2.2,0.9,0.2,0.9,1.7,7.4,,
Jeremy Lamb,29,56,0,16.7,2.4,6.2,0.383,1,3,0.324,1.4,3.2,0.441,0.463,1.6,1.9,0.84,0.5,2.3,2.8,1.4,0.6,0.4,0.7,1.1,7.3,,
Jeremy Lamb,29,39,0,15.7,2.2,5.8,0.373,1,3,0.333,1.2,2.8,0.414,0.458,1.7,2.1,0.838,0.4,2,2.4,1.3,0.6,0.4,0.6,1.1,7.1,,
Jeremy Lamb,29,17,0,18.9,2.8,7,0.403,0.9,3.1,0.302,1.9,3.9,0.485,0.471,1.3,1.5,0.846,0.6,2.9,3.5,1.8,0.5,0.5,0.8,0.9,7.9,,
Wes Iwundu,27,3,1,27.3,2.7,6,0.444,1,1.7,0.6,1.7,4.3,0.385,0.528,1,1.3,0.75,1,3.3,4.3,0,0.3,0,0.3,2.7,7.3,,
Taurean Prince,27,69,8,17.1,2.6,5.7,0.454,1.2,3.3,0.376,1.3,2.3,0.565,0.564,0.9,1.2,0.756,0.4,2.1,2.5,1,0.7,0.3,0.8,1.7,7.3,,
Austin Reaves,23,61,19,23.2,2.4,5.2,0.459,0.9,2.7,0.317,1.5,2.5,0.616,0.542,1.6,1.9,0.839,0.7,2.4,3.2,1.8,0.5,0.3,0.7,1.4,7.3,,
Keon Johnson,19,37,12,18.8,2.6,7.4,0.353,0.9,2.7,0.34,1.7,4.6,0.36,0.415,1.1,1.4,0.804,0.6,1.5,2.2,2.1,0.8,0.3,1.2,1.9,7.2,,
Keon Johnson,19,15,0,9,1.1,3.4,0.333,0.2,0.7,0.273,0.9,2.7,0.35,0.363,1.1,1.4,0.762,0.4,1,1.4,0.9,0.5,0.1,0.5,1.4,3.5,,
Keon Johnson,19,22,12,25.5,3.6,10,0.357,1.4,4,0.348,2.2,6,0.364,0.428,1.1,1.4,0.833,0.8,1.9,2.7,2.9,1,0.5,1.8,2.2,9.7,,
Braxton Key,24,11,0,17.9,3,6.5,0.458,0.5,1.9,0.286,2.5,4.6,0.529,0.5,0.6,1.2,0.538,1.2,3.4,4.5,1,0.9,1,1,2.4,7.2,,
Braxton Key,24,2,0,3,0.5,1,0.5,0,0.5,0,0.5,0.5,1,0.5,0,0,,0.5,0.5,1,0.5,0.5,0,1,0.5,1,,
Braxton Key,24,9,0,21.2,3.6,7.8,0.457,0.7,2.2,0.3,2.9,5.6,0.52,0.5,0.8,1.4,0.538,1.3,4,5.3,1.1,1,1.2,1,2.8,8.6,,
Javonte Green,28,65,45,23.4,2.7,5,0.542,0.6,1.6,0.356,2.2,3.4,0.625,0.597,1.2,1.5,0.833,1.4,2.8,4.2,0.9,1,0.5,0.5,2,7.2,,
Joe Ingles,34,45,15,24.9,2.6,6.3,0.404,1.7,5,0.347,0.8,1.3,0.617,0.54,0.4,0.5,0.773,0.3,2.6,2.9,3.5,0.5,0.1,1,1.8,7.2,,
Ty Jerome,24,48,4,16.7,2.6,6.8,0.378,1.1,3.9,0.29,1.5,3,0.493,0.46,0.8,1,0.809,0.4,1.2,1.6,2.3,0.6,0.1,0.8,1.5,7.1,,
Robin Lopez,33,36,9,17,3.1,5.5,0.553,0.1,0.2,0.333,3,5.4,0.56,0.558,0.9,1.5,0.593,1.9,1.6,3.5,1.5,0.1,0.5,1.2,1.9,7.1,,
Théo Maledon,20,51,7,17.8,2.3,6.2,0.375,0.9,2.9,0.293,1.5,3.3,0.449,0.445,1.5,2,0.79,0.4,2.2,2.6,2.2,0.6,0.2,1.3,1.3,7.1,,
Gary Payton II,29,71,16,17.6,3,4.8,0.616,0.6,1.7,0.358,2.4,3.2,0.754,0.679,0.5,0.8,0.603,1,2.5,3.5,0.9,1.4,0.3,0.6,1.8,7.1,,
Larry Nance Jr.,29,46,11,22.6,2.8,5.4,0.522,0.5,1.5,0.329,2.3,3.8,0.599,0.569,0.9,1.2,0.702,1.6,3.8,5.4,1.8,0.9,0.4,0.8,1.8,7,,
Larry Nance Jr.,29,37,11,23.2,2.8,5.4,0.515,0.5,1.7,0.306,2.2,3.7,0.61,0.563,0.9,1.3,0.653,1.6,4.1,5.6,2,1,0.4,0.7,1.8,6.9,,
Larry Nance Jr.,29,9,0,20.2,3,5.4,0.551,0.4,0.9,0.5,2.6,4.6,0.561,0.592,0.9,0.9,1,1.6,2.8,4.3,0.9,0.6,0.8,1.1,1.9,7.3,,
Goga Bitadze,22,50,16,14.6,2.6,5,0.52,0.5,1.6,0.288,2.2,3.4,0.628,0.565,1.3,1.9,0.681,1.6,2,3.5,1.1,0.4,0.8,0.9,2.1,7,,
Sekou Doumbouya,21,2,0,8,2.5,4,0.625,0.5,1,0.5,2,3,0.667,0.688,1.5,2,0.75,1,2,3,0,1.5,1,1,0.5,7,,
Maxi Kleber,30,59,21,24.6,2.4,6,0.398,1.4,4.3,0.325,1,1.7,0.586,0.516,0.8,1.1,0.708,1.2,4.7,5.9,1.2,0.5,1,0.8,2.3,7,,
Olivier Sarr,22,22,2,19.1,2.6,4.6,0.574,0.6,1.3,0.448,2,3.3,0.625,0.639,1.1,1.3,0.828,1.5,2.7,4.2,0.9,0.3,0.7,1,2.4,7,,
Steven Adams,28,76,75,26.3,2.8,5.1,0.547,0,0,0,2.8,5,0.548,0.547,1.4,2.6,0.543,4.6,5.4,10,3.4,0.9,0.8,1.5,2,6.9,,
Killian Hayes,20,66,40,25,2.7,7,0.383,0.7,2.5,0.263,2,4.4,0.452,0.431,0.9,1.1,0.77,0.5,2.6,3.2,4.2,1.2,0.5,1.7,2.8,6.9,,
Jarred Vanderbilt,22,74,67,25.4,2.9,4.9,0.587,0,0.2,0.143,2.8,4.7,0.605,0.59,1.2,1.8,0.656,2.9,5.5,8.4,1.3,1.3,0.6,1,2.4,6.9,,
Serge Ibaka,32,54,12,16.2,2.7,5.5,0.5,0.7,1.8,0.374,2.1,3.6,0.563,0.563,0.6,0.8,0.727,1.1,3.5,4.6,0.9,0.2,0.6,0.8,1.9,6.8,,
Serge Ibaka,32,35,10,15.4,2.7,5.5,0.49,0.7,1.8,0.387,2,3.7,0.538,0.552,0.6,0.8,0.69,1.1,3.1,4.3,1,0.2,0.7,0.9,1.6,6.6,,
Serge Ibaka,32,19,2,17.8,2.8,5.5,0.519,0.7,1.9,0.351,2.2,3.5,0.612,0.582,0.6,0.8,0.8,1.2,4.1,5.3,0.7,0.2,0.4,0.5,2.4,7,,
Mason Jones,23,4,0,12.8,1.8,3.8,0.467,0.3,1,0.25,1.5,2.8,0.545,0.5,3,3.8,0.8,0.3,2.3,2.5,1,0.5,0,0.3,2,6.8,,
Brandon Boston Jr.,20,51,0,14.9,2.5,6.4,0.385,0.7,2.2,0.306,1.8,4.2,0.425,0.437,1.2,1.4,0.819,0.3,1.8,2.2,1,0.5,0.3,0.6,0.8,6.7,,
Wayne Ellington,34,43,9,18.8,2.3,5.5,0.414,1.9,4.9,0.389,0.4,0.6,0.615,0.586,0.2,0.3,0.818,0.2,1.6,1.8,0.7,0.5,0.1,0.4,1,6.7,,
Stanley Johnson,25,48,27,22.8,2.4,5.2,0.466,0.7,2.2,0.314,1.8,3,0.575,0.532,1.1,1.5,0.716,0.7,2.5,3.2,1.7,0.9,0.3,0.7,2.3,6.7,,
Georgios Kalaitzakis,23,13,4,16.5,2.4,5.2,0.463,0.8,2,0.385,1.6,3.2,0.512,0.537,1.1,2.3,0.467,0.5,1.2,1.6,0.9,0.8,0.2,1.5,1.5,6.6,,
Georgios Kalaitzakis,23,9,0,5.3,0.6,1.2,0.455,0.2,0.4,0.5,0.3,0.8,0.429,0.545,0.4,1,0.444,0.4,0.4,0.9,0,0.1,0.1,0.4,0.9,1.8,,
Georgios Kalaitzakis,23,4,4,41.5,6.5,14,0.464,2,5.5,0.364,4.5,8.5,0.529,0.536,2.5,5.3,0.476,0.5,2.8,3.3,3,2.5,0.3,4,2.8,17.5,,
Torrey Craig,31,78,16,20.5,2.6,5.7,0.454,1,3,0.329,1.6,2.7,0.594,0.541,0.5,0.7,0.75,1.1,2.9,4,1.2,0.6,0.5,0.9,1.9,6.6,,
Torrey Craig,31,51,14,20.3,2.5,5.5,0.456,0.9,2.7,0.333,1.6,2.8,0.573,0.537,0.5,0.7,0.771,1.2,2.7,3.8,1.1,0.5,0.4,0.8,1.9,6.5,,
Torrey Craig,31,27,2,20.8,2.7,5.9,0.45,1.1,3.6,0.323,1.5,2.4,0.641,0.547,0.4,0.6,0.706,1,3.3,4.3,1.2,0.8,0.6,1,2.1,6.9,,
Zeke Nnaji,21,41,1,17,2.3,4.5,0.516,0.9,2,0.463,1.4,2.6,0.557,0.616,1,1.6,0.631,1.4,2.2,3.6,0.4,0.4,0.3,0.6,1.9,6.6,,
B.J. Johnson,26,4,0,16.3,2.8,6.3,0.44,1,2.5,0.4,1.8,3.8,0.467,0.52,0,0,,1.5,2.3,3.8,0,0,0.3,0,1,6.5,,
Mason Plumlee,31,73,73,24.6,2.8,4.4,0.641,0,0,0,2.8,4.4,0.645,0.641,0.9,2.3,0.392,2.4,5.3,7.7,3.1,0.8,0.7,1.4,3.1,6.5,,
Josh Jackson,24,51,3,16.3,2.4,5.9,0.4,0.6,2.5,0.254,1.7,3.3,0.512,0.455,1.1,1.5,0.714,0.4,2.4,2.8,1.1,0.5,0.4,0.9,1.7,6.4,,
Josh Jackson,24,39,3,18.1,2.6,6.4,0.41,0.8,2.9,0.265,1.9,3.5,0.529,0.47,1,1.4,0.714,0.4,2.7,3.2,1.3,0.5,0.5,1,1.8,7.1,,
Josh Jackson,24,12,0,10.3,1.4,4.1,0.347,0.3,1.4,0.176,1.2,2.7,0.438,0.378,1.3,1.8,0.714,0.3,1.2,1.5,0.4,0.4,0.3,0.8,1.4,4.3,,
Justin Anderson,28,16,6,19.8,2.3,5.9,0.379,0.9,3.7,0.254,1.3,2.3,0.583,0.458,0.9,1.2,0.789,0.3,2.6,2.9,2.1,0.5,0.4,0.5,1.4,6.4,,
Justin Anderson,28,3,0,15.7,1.3,2.7,0.5,0.7,2,0.333,0.7,0.7,1,0.625,1,1.3,0.75,0,2,2,2,0.3,0,0.7,1.3,4.3,,
Justin Anderson,28,13,6,20.7,2.5,6.7,0.368,1,4.1,0.245,1.5,2.6,0.559,0.443,0.9,1.2,0.8,0.3,2.8,3.1,2.1,0.5,0.5,0.5,1.4,6.8,,
Avery Bradley,31,62,45,22.7,2.4,5.6,0.423,1.3,3.4,0.39,1.1,2.3,0.471,0.54,0.3,0.3,0.889,0.5,1.7,2.2,0.8,0.9,0.1,0.6,1.9,6.4,,
JaMychal Green,31,67,8,16.2,2.4,4.9,0.486,0.5,1.9,0.266,1.9,3,0.621,0.537,1.2,1.4,0.871,1.2,3,4.2,0.9,0.6,0.4,0.9,2.4,6.4,,
Blake Griffin,32,56,24,17.1,2.4,5.6,0.425,0.7,2.6,0.262,1.7,3,0.565,0.486,1,1.4,0.724,1.1,3,4.1,1.9,0.5,0.3,0.6,1.7,6.4,,
Brandon Knight,30,5,0,13,2,5,0.4,0.8,3.4,0.235,1.2,1.6,0.75,0.48,1.6,1.6,1,0,1.6,1.6,1.6,0.2,0,0.8,1,6.4,,
Isaiah Livers,23,19,5,20.2,2.2,4.7,0.456,1.4,3.4,0.422,0.7,1.4,0.538,0.606,0.6,0.7,0.857,0.8,2.2,3,1.1,0.7,0.4,0.8,1.9,6.4,,
Ish Smith,33,65,1,17.3,2.8,6.6,0.43,0.4,1,0.373,2.5,5.6,0.441,0.459,0.2,0.4,0.625,0.4,1.8,2.2,3.8,0.7,0.4,1.2,1.2,6.3,,
Ish Smith,33,37,1,13.8,2,5,0.395,0.3,0.7,0.4,1.7,4.3,0.394,0.422,0.3,0.5,0.632,0.3,1.2,1.5,2.6,0.5,0.3,1,0.9,4.5,,
Ish Smith,33,28,0,22,4,8.8,0.457,0.5,1.5,0.357,3.5,7.3,0.478,0.488,0.1,0.2,0.6,0.5,2.5,3,5.2,1,0.5,1.5,1.6,8.6,,
Aaron Holiday,25,63,15,16.2,2.4,5.4,0.447,0.6,1.6,0.379,1.8,3.7,0.477,0.504,0.9,1.1,0.868,0.4,1.6,1.9,2.4,0.7,0.1,1.1,1.5,6.3,,
Aaron Holiday,25,41,14,16.2,2.4,5.2,0.467,0.6,1.6,0.343,1.9,3.6,0.524,0.521,0.7,0.9,0.8,0.2,1.4,1.6,1.9,0.6,0.2,1,1.5,6.1,,
Aaron Holiday,25,22,1,16.3,2.3,5.6,0.411,0.7,1.6,0.444,1.6,4,0.398,0.476,1.4,1.5,0.939,0.7,1.8,2.5,3.4,0.8,0,1.3,1.5,6.8,,
Dewayne Dedmon,32,67,15,15.9,2.4,4.3,0.566,0.3,0.7,0.404,2.2,3.6,0.597,0.598,1.1,1.5,0.75,1.6,4.2,5.8,0.7,0.4,0.6,1,2.6,6.3,,
Hassani Gravett,25,8,3,21.4,2.3,4.8,0.474,1.4,3.3,0.423,0.9,1.5,0.583,0.618,0.4,0.5,0.75,0.1,2.5,2.6,2.5,0.6,0.1,1.1,1.6,6.3,,
Derrick Walton,26,3,3,36,2,8.7,0.231,1,4.3,0.231,1,4.3,0.231,0.288,1.3,1.3,1,0.7,2.7,3.3,7,2.3,1.3,3.7,2.7,6.3,,
Lou Williams,35,56,0,14.3,2.2,5.7,0.391,0.7,1.8,0.363,1.6,3.9,0.404,0.448,1.2,1.4,0.859,0.3,1.3,1.6,1.9,0.5,0.1,0.8,0.9,6.3,,
Chaundee Brown Jr.,23,5,2,20.8,2,6.4,0.313,1.2,3.6,0.333,0.8,2.8,0.286,0.406,1,1.2,0.833,0.2,3,3.2,0.8,0.4,0,0.2,1.4,6.2,,
Chaundee Brown Jr.,23,2,0,10.5,0.5,3.5,0.143,0,1.5,0,0.5,2,0.25,0.143,0,0,,0,1,1,0,0,0,0.5,0,1,,
Chaundee Brown Jr.,23,3,2,27.7,3,8.3,0.36,2,5,0.4,1,3.3,0.3,0.48,1.7,2,0.833,0.3,4.3,4.7,1.3,0.7,0,0,2.3,9.7,,
Thaddeus Young,33,52,1,16.3,2.7,5.2,0.518,0.3,0.9,0.354,2.4,4.3,0.554,0.55,0.4,0.9,0.469,1.5,2.5,4,2,1,0.3,1,1.6,6.2,,
Thaddeus Young,33,26,1,14.2,2.8,4.9,0.578,0,0.2,0,2.8,4.7,0.602,0.578,0.4,0.8,0.455,1.5,2,3.6,2.3,0.9,0.3,1.2,1.5,6.1,,
Thaddeus Young,33,26,0,18.3,2.6,5.5,0.465,0.7,1.7,0.395,1.9,3.9,0.495,0.524,0.5,1,0.481,1.5,2.9,4.4,1.7,1.2,0.4,0.8,1.7,6.3,,
George Hill,35,54,17,23.2,2.2,5.1,0.429,0.8,2.5,0.306,1.4,2.6,0.546,0.504,1.1,1.1,0.919,0.7,2.2,2.9,2.2,0.8,0.1,0.8,1.3,6.2,,
Dwight Howard,36,60,27,16.2,2.2,3.7,0.612,0.1,0.3,0.533,2.1,3.4,0.618,0.63,1.6,2.4,0.658,2,4,5.9,0.6,0.6,0.6,0.8,1.9,6.2,,
Vit Krejci,21,30,8,23,2.3,5.6,0.407,1.1,3.3,0.327,1.2,2.3,0.522,0.503,0.6,0.7,0.864,0.6,2.8,3.4,1.9,0.6,0.3,1,2.2,6.2,,
Jalen McDaniels,24,55,2,16.3,2.2,4.6,0.484,0.7,2,0.38,1.5,2.7,0.562,0.565,1,1.3,0.736,0.7,2.4,3.1,1.1,0.5,0.4,0.7,1.7,6.2,,
Payton Pritchard,24,71,2,14.1,2.3,5.3,0.429,1.4,3.5,0.412,0.8,1.8,0.461,0.564,0.3,0.3,1,0.5,1.4,1.9,2,0.4,0.1,0.6,0.9,6.2,,
Day'Ron Sharpe,20,32,8,12.2,2.7,4.7,0.577,0.1,0.2,0.286,2.6,4.4,0.592,0.584,0.8,1.3,0.585,2.5,2.5,5,0.5,0.3,0.5,0.9,1.9,6.2,,
Jose Alvarado,23,54,1,15.4,2.4,5.4,0.446,0.6,2,0.291,1.8,3.4,0.538,0.5,0.7,1,0.679,0.5,1.4,1.9,2.8,1.3,0.1,0.7,1.4,6.1,,
Nemanja Bjelica,33,71,0,16.1,2.3,4.8,0.468,0.8,2.1,0.362,1.5,2.7,0.549,0.547,0.8,1.1,0.728,0.9,3.3,4.1,2.2,0.6,0.4,1.2,1.8,6.1,,
Lamar Stevens,24,63,13,16.1,2.5,5.1,0.489,0.3,1,0.277,2.2,4,0.543,0.517,0.8,1.2,0.707,0.7,1.9,2.6,0.7,0.5,0.3,0.7,1.7,6.1,,
Tristan Thompson,30,57,6,15.7,2.5,4.7,0.528,0,0.1,0.333,2.5,4.6,0.53,0.53,1.1,2,0.526,2.1,2.9,5.1,0.6,0.4,0.4,0.8,1.7,6,,
Tristan Thompson,30,30,3,15.2,2.5,5,0.503,0,0,1,2.5,5,0.5,0.507,1.1,2,0.533,2.4,3,5.4,0.6,0.4,0.4,1,1.7,6.2,,
Tristan Thompson,30,4,0,16.5,3.3,6,0.542,0,0,,3.3,6,0.542,0.542,0.8,2,0.375,1.8,2.8,4.5,0.5,0,0.5,1,1.8,7.3,,
Tristan Thompson,30,23,3,16.3,2.3,4,0.565,0,0.1,0,2.3,3.9,0.578,0.565,1.1,2.1,0.542,1.8,3,4.7,0.6,0.5,0.3,0.5,1.7,5.7,,
Quentin Grimes,21,46,6,17.1,2.1,5.1,0.404,1.6,4.1,0.381,0.5,1,0.5,0.557,0.3,0.4,0.684,0.5,1.5,2,1,0.7,0.2,0.6,1.6,6,,
Tre Jones,22,69,11,16.6,2.4,4.9,0.49,0.1,0.7,0.196,2.3,4.2,0.542,0.504,1,1.3,0.78,0.4,1.8,2.2,3.4,0.6,0.1,0.7,1.1,6,,
Alex Len,28,39,10,15.9,2.4,4.5,0.534,0.2,0.5,0.286,2.3,4,0.568,0.551,1.1,1.6,0.651,1.3,2.8,4.1,1.2,0.3,0.6,1.1,2.6,6,,
Kevon Looney,25,82,80,21.1,2.5,4.4,0.571,0,0,0,2.5,4.4,0.573,0.571,0.9,1.5,0.6,2.5,4.7,7.3,2,0.6,0.6,0.8,2.6,6,,
Austin Rivers,29,67,18,22.1,2.2,5.2,0.417,1.2,3.4,0.342,1,1.8,0.563,0.53,0.5,0.7,0.727,0.3,1.4,1.7,1.3,0.8,0.1,0.8,1.8,6,,
Danuel House Jr.,28,42,7,17.3,1.9,4.7,0.404,1,2.8,0.376,0.9,1.9,0.444,0.515,1,1.4,0.759,0.4,2.2,2.6,1,0.5,0.4,0.8,1.2,5.9,,
Danuel House Jr.,28,16,1,14.6,1.6,4.6,0.338,0.6,2.1,0.294,0.9,2.5,0.375,0.405,1.1,1.2,0.895,0.3,2.4,2.7,1.2,0.3,0.3,1.1,1,4.8,,
Danuel House Jr.,28,1,0,3,0,1,0,0,1,0,0,0,,0,0,0,,0,0,0,0,0,0,0,0,0,,
Danuel House Jr.,28,25,6,19.6,2.2,4.9,0.447,1.4,3.3,0.415,0.8,1.6,0.512,0.585,1.1,1.6,0.692,0.6,2.2,2.7,1,0.6,0.5,0.6,1.4,6.8,,
Kessler Edwards,21,48,23,20.6,2.3,5.6,0.412,1,2.8,0.353,1.3,2.7,0.473,0.502,0.3,0.4,0.842,0.9,2.7,3.6,0.6,0.6,0.5,0.9,1.8,5.9,,
Danny Green,34,62,28,21.8,2,5.2,0.394,1.7,4.4,0.38,0.4,0.8,0.469,0.555,0.2,0.2,0.786,0.5,2,2.5,1,1,0.6,0.7,1.7,5.9,,
Kira Lewis Jr.,20,24,0,14.2,2.5,6.1,0.404,0.5,2.4,0.224,1.9,3.7,0.523,0.449,0.4,0.5,0.833,0.4,1.3,1.6,2,0.5,0,1.1,0.7,5.9,,
Bismack Biyombo,29,36,3,14.1,2.4,4,0.593,0,0,,2.4,4,0.593,0.593,1.1,2,0.535,1.8,2.9,4.6,0.6,0.3,0.7,0.7,1.9,5.8,,
Carsen Edwards,23,4,0,19.8,2.3,7.5,0.3,1,4,0.25,1.3,3.5,0.357,0.367,0.3,0.3,1,0.5,1,1.5,3.5,0.5,0,1.3,1,5.8,,
CJ Elleby,21,58,28,20.2,2.1,5.3,0.393,0.6,2.2,0.294,1.4,3.1,0.462,0.453,1,1.4,0.714,1.1,2.8,3.9,1.5,0.6,0.3,1,2,5.8,,
Luka Garza,23,32,5,12.2,2.1,4.6,0.449,0.5,1.5,0.327,1.6,3.1,0.51,0.503,1.2,1.9,0.623,1.8,1.3,3.1,0.6,0.3,0.2,0.6,1.7,5.8,,
Xavier Moon,27,10,0,13.7,2.5,5.1,0.49,0.5,1.4,0.357,2,3.7,0.541,0.539,0.3,0.5,0.6,0.2,1.2,1.4,2.4,0.7,0.3,0.6,0.9,5.8,,
Eric Paschall,25,58,3,12.7,2,4.1,0.485,0.7,1.9,0.37,1.3,2.2,0.583,0.57,1.1,1.5,0.767,0.5,1.3,1.8,0.6,0.2,0.1,0.5,0.9,5.8,,
Joshua Primo,19,50,16,19.3,2,5.4,0.374,0.8,2.7,0.307,1.2,2.7,0.444,0.452,0.9,1.2,0.746,0.6,1.6,2.3,1.6,0.4,0.5,1.1,1.6,5.8,,
Cassius Stanley,22,9,1,17.2,2.1,5.1,0.413,0.4,1.9,0.235,1.7,3.2,0.517,0.457,1.1,1.1,1,0.6,1.6,2.1,0.4,0.6,0.2,0.7,1.9,5.8,,
Justise Winslow,25,48,11,16.1,2.3,5.4,0.428,0.3,1.4,0.227,2,4,0.497,0.457,0.8,1.4,0.591,1,3.2,4.2,1.8,0.7,0.5,1,1.4,5.7,,
Justise Winslow,25,37,1,13,1.7,3.8,0.447,0.1,0.8,0.172,1.6,3,0.518,0.465,0.7,1.1,0.61,0.8,2.8,3.6,1.4,0.6,0.5,1,1.2,4.2,,
Justise Winslow,25,11,10,26.8,4.3,10.5,0.405,0.9,3.4,0.27,3.4,7.2,0.468,0.448,1.3,2.3,0.56,1.8,4.5,6.3,2.9,1.3,0.6,1.1,1.9,10.7,,
Kelan Martin,26,30,1,15,2.3,5.7,0.409,0.7,2.5,0.293,1.6,3.2,0.5,0.474,0.3,0.4,0.692,0.6,1.3,1.8,0.7,0.4,0.3,0.5,1.2,5.7,,
Kelan Martin,26,27,1,16.4,2.6,6.2,0.417,0.8,2.7,0.297,1.8,3.5,0.511,0.482,0.3,0.5,0.692,0.6,1.4,2,0.8,0.5,0.3,0.5,1.3,6.3,,
Kelan Martin,26,3,0,2,0,1,0,0,0.3,0,0,0.7,0,0,0,0,,0.3,0.3,0.7,0,0,0,0,0,0,,
Keita Bates-Diop,26,59,14,16.2,2.3,4.5,0.517,0.3,0.9,0.309,2,3.5,0.572,0.549,0.8,1,0.754,1.1,2.9,3.9,0.7,0.5,0.2,0.8,1,5.7,,
Naji Marshall,24,55,4,13.4,2,4.9,0.405,0.4,1.9,0.2,1.6,3,0.537,0.444,1.3,1.7,0.796,0.7,1.9,2.6,1.1,0.6,0.1,0.8,1.3,5.7,,
Matisse Thybulle,24,66,50,25.5,2.3,4.5,0.5,0.7,2.2,0.313,1.6,2.4,0.673,0.575,0.5,0.7,0.791,0.6,1.7,2.3,1.1,1.7,1.1,0.6,2.4,5.7,,
Dāvis Bertāns,29,56,0,14.4,1.8,4.9,0.36,1.4,4.1,0.335,0.4,0.8,0.489,0.5,0.6,0.7,0.9,0.2,1.9,2.1,0.6,0.3,0.2,0.3,1.5,5.6,,
Dāvis Bertāns,29,34,0,14.7,1.8,5,0.351,1.4,4.2,0.319,0.4,0.8,0.519,0.485,0.8,0.9,0.933,0.2,1.6,1.8,0.5,0.3,0.2,0.4,1.6,5.7,,
Dāvis Bertāns,29,22,0,13.9,1.8,4.7,0.375,1.4,3.9,0.36,0.4,0.8,0.444,0.524,0.4,0.5,0.8,0.3,2.3,2.5,0.7,0.3,0.3,0.2,1.4,5.3,,
Derrick Jones Jr.,24,51,8,17.6,2.1,3.8,0.538,0.4,1.2,0.328,1.7,2.6,0.634,0.59,1.1,1.4,0.8,1.2,2.1,3.3,0.6,0.5,0.6,0.6,2.1,5.6,,
Saben Lee,22,37,0,16.3,1.9,4.8,0.39,0.4,1.6,0.233,1.5,3.2,0.47,0.429,1.5,1.9,0.789,0.5,1.9,2.4,2.9,1,0.3,1,1.2,5.6,,
Dennis Smith Jr.,24,37,4,17.2,2.1,5.1,0.418,0.2,0.7,0.222,2,4.4,0.451,0.434,1.1,1.7,0.656,0.5,1.8,2.4,3.6,1.2,0.3,1.4,1.4,5.6,,
Keifer Sykes,28,32,11,17.7,2.2,5.9,0.363,0.8,2.8,0.3,1.3,3.1,0.42,0.434,0.5,0.5,0.882,0.3,1.2,1.4,1.9,0.4,0.1,1,1.6,5.6,,
James Johnson,34,62,10,19.2,2.3,5,0.469,0.4,1.4,0.271,2,3.6,0.545,0.507,0.5,0.9,0.527,0.8,2.6,3.5,2.1,0.5,0.5,0.8,2.6,5.5,,
Greg Monroe,31,14,0,13.9,2.3,4.1,0.561,0,0,,2.3,4.1,0.561,0.561,0.9,1.6,0.522,2.1,2.4,4.6,1.6,0.6,0.7,0.9,1.7,5.4,,
Greg Monroe,31,4,0,20.3,3.3,5.5,0.591,0,0,,3.3,5.5,0.591,0.591,0.8,1.8,0.429,1.5,4.5,6,4,1,1.5,1.8,2.3,7.3,,
Greg Monroe,31,2,0,9,2,4,0.5,0,0,,2,4,0.5,0.5,0,0,,3.5,1.5,5,0.5,0.5,0.5,1,1,4,,
Greg Monroe,31,5,0,14,2.2,4.4,0.5,0,0,,2.2,4.4,0.5,0.5,1,1.8,0.556,2.2,2,4.2,0.4,0.6,0.4,0.6,1.4,5.4,,
Greg Monroe,31,3,0,8.7,1.3,1.7,0.8,0,0,,1.3,1.7,0.8,0.8,1.3,2.3,0.571,2,1,3,1,0,0.3,0,2,4,,
Wenyen Gabriel,24,26,5,13.8,2.1,4.2,0.491,0.3,1.1,0.286,1.8,3.2,0.561,0.527,1,1.6,0.595,1.5,2.2,3.7,0.5,0.2,0.4,0.6,2.6,5.4,,
Wenyen Gabriel,24,1,0,1,0,0,,0,0,,0,0,,,0,0,,0,1,1,0,0,0,0,0,0,,
Wenyen Gabriel,24,6,0,7.7,0.8,2.2,0.385,0.3,0.8,0.4,0.5,1.3,0.375,0.462,0.3,0.7,0.5,0.8,1.5,2.3,0.3,0.2,0.3,0.5,1.8,2.3,,
Wenyen Gabriel,24,19,5,16.4,2.6,5.1,0.505,0.3,1.2,0.261,2.3,3.9,0.581,0.536,1.2,2,0.605,1.8,2.5,4.3,0.6,0.2,0.5,0.7,3,6.7,,
PJ Dozier,25,18,0,18.9,2,5.5,0.364,0.8,2.7,0.313,1.2,2.8,0.412,0.439,0.6,0.7,0.769,0.8,2.7,3.5,1.6,0.6,0.3,0.7,1.8,5.4,,
Rodney McGruder,30,51,2,14.8,1.9,4.4,0.436,1.1,2.9,0.397,0.8,1.5,0.506,0.564,0.4,0.5,0.731,0.6,1.6,2.2,0.9,0.4,0.1,0.5,1.1,5.4,,
Trey Murphy III,21,62,1,13.9,1.8,4.5,0.394,1.1,3,0.382,0.6,1.5,0.418,0.522,0.7,0.8,0.882,0.8,1.6,2.4,0.6,0.4,0.1,0.3,1,5.4,,
Armoni Brooks,23,54,11,15.6,1.8,5.4,0.339,1.4,4.6,0.297,0.4,0.7,0.6,0.467,0.3,0.4,0.857,0.4,1.5,1.9,1.1,0.5,0.2,0.5,1.4,5.3,,
Armoni Brooks,23,41,8,16.8,2.1,6.1,0.347,1.6,5.2,0.3,0.6,0.9,0.605,0.474,0.4,0.5,0.842,0.3,1.7,2,1.2,0.5,0.2,0.6,1.5,6.2,,
Armoni Brooks,23,13,3,11.8,0.8,2.9,0.289,0.8,2.8,0.278,0.1,0.2,0.5,0.421,0.2,0.2,1,0.6,1.1,1.7,1,0.5,0.2,0.3,1.1,2.6,,
D.J. Augustin,34,55,2,16.1,1.7,4,0.423,1.2,3,0.415,0.5,1.1,0.448,0.577,0.7,0.8,0.884,0.2,1,1.2,1.9,0.3,0,1,0.7,5.3,,
D.J. Augustin,34,34,2,15,1.6,4,0.404,1.1,2.8,0.406,0.5,1.2,0.4,0.548,1,1.1,0.868,0.2,1,1.2,2.2,0.3,0,1.3,0.5,5.4,,
D.J. Augustin,34,21,0,17.8,1.9,4.1,0.453,1.4,3.2,0.426,0.5,0.9,0.556,0.622,0.2,0.2,1,0.2,1.1,1.3,1.6,0.3,0,0.5,1,5.3,,
Derrick Favors,30,39,18,16.7,2.4,4.7,0.516,0.1,0.4,0.125,2.4,4.3,0.554,0.522,0.4,0.6,0.64,1.5,3.2,4.7,0.6,0.4,0.3,0.2,1.6,5.3,,
Dean Wade,25,51,28,19.2,1.9,4.3,0.456,1,2.8,0.359,0.9,1.5,0.64,0.574,0.4,0.6,0.667,0.6,2.3,2.9,1,0.6,0.1,0.3,1.7,5.3,,
Omer Yurtseven,23,56,12,12.6,2.3,4.4,0.526,0,0.2,0.091,2.3,4.2,0.547,0.528,0.7,1.1,0.623,1.5,3.7,5.3,0.9,0.3,0.4,0.7,1.5,5.3,,
Garrett Temple,35,59,16,18.6,1.9,5,0.376,1,3.1,0.319,0.9,1.9,0.473,0.476,0.5,0.7,0.683,0.5,1.9,2.4,1.3,0.7,0.4,0.7,1.4,5.2,,
Cody Zeller,29,27,0,13.1,1.9,3.3,0.567,0,0.1,0,1.9,3.2,0.593,0.567,1.4,1.8,0.776,1.9,2.8,4.6,0.8,0.3,0.2,0.7,2.1,5.2,,
DeAndre' Bembry,27,56,20,18.3,2.2,3.9,0.561,0.3,0.6,0.417,1.9,3.3,0.589,0.595,0.4,0.6,0.6,0.8,2.2,2.9,1.2,0.9,0.4,0.6,2,5.1,,
DeAndre' Bembry,27,48,20,19.8,2.5,4.4,0.568,0.3,0.8,0.417,2.2,3.7,0.599,0.603,0.4,0.7,0.6,0.8,2.4,3.2,1.3,1,0.5,0.6,2.2,5.8,,
DeAndre' Bembry,27,8,0,9.6,0.4,1,0.375,0,0,,0.4,1,0.375,0.375,0,0,,0.5,0.9,1.4,0.8,0.3,0,0.1,1.1,0.8,,
Trey Burke,29,42,0,10.5,2,5.1,0.391,0.6,2,0.317,1.4,3.2,0.436,0.451,0.5,0.5,0.87,0.1,0.7,0.8,1.4,0.3,0,0.6,0.9,5.1,,
Facundo Campazzo,30,65,4,18.2,1.6,4.6,0.361,0.9,3,0.301,0.8,1.6,0.476,0.459,0.9,1.2,0.769,0.4,1.4,1.8,3.4,1,0.4,1,1.9,5.1,,
Wesley Matthews,35,49,14,20.4,1.8,4.5,0.395,1.1,3.2,0.338,0.7,1.3,0.54,0.516,0.4,0.6,0.786,0.6,1.3,1.9,0.7,0.5,0.2,0.4,1.8,5.1,,
David Nwaba,29,46,4,13.2,1.8,3.8,0.483,0.3,1.1,0.306,1.5,2.8,0.551,0.526,1,1.5,0.716,0.9,2.4,3.3,0.8,0.6,0.4,0.5,1.2,5.1,,
Ignas Brazdeikis,23,42,1,12.8,1.9,4.5,0.431,0.6,2.1,0.31,1.3,2.4,0.535,0.503,0.5,0.8,0.656,0.5,1.2,1.7,0.9,0.2,0.1,0.4,1.1,5,,
Jock Landale,26,54,1,10.9,1.9,3.8,0.495,0.5,1.6,0.326,1.3,2.1,0.626,0.566,0.6,0.8,0.829,1.2,1.4,2.6,0.8,0.2,0.3,0.6,1,4.9,,
Rajon Rondo,35,39,1,17.9,1.7,4.5,0.386,0.8,2.3,0.352,0.9,2.3,0.42,0.474,0.5,0.7,0.731,0.4,2.4,2.8,4.4,0.8,0.2,1.7,1.4,4.8,,
Rajon Rondo,35,18,0,16.1,1.3,3.9,0.324,0.4,1.7,0.267,0.8,2.3,0.366,0.38,0.1,0.1,0.5,0.6,2.2,2.7,3.7,0.7,0.3,1.9,1.4,3.1,,
Rajon Rondo,35,21,1,19.5,2.1,5,0.429,1.1,2.8,0.397,1,2.2,0.468,0.538,0.9,1.1,0.75,0.2,2.6,2.8,4.9,0.9,0,1.6,1.5,6.2,,
Brandon Goodwin,26,36,5,13.9,1.8,4.3,0.416,0.5,1.5,0.345,1.3,2.8,0.455,0.477,0.7,1.1,0.632,0.4,1.5,1.9,2.5,0.7,0,1,1.1,4.8,,
Josh Green,21,67,3,15.5,1.9,3.8,0.508,0.4,1.2,0.359,1.5,2.7,0.573,0.563,0.5,0.7,0.689,0.8,1.6,2.4,1.2,0.7,0.2,0.7,1.7,4.8,,
John Konchar,25,72,7,17.9,1.9,3.6,0.515,0.7,1.8,0.413,1.2,1.9,0.61,0.615,0.4,0.7,0.551,1.2,3.4,4.6,1.5,0.6,0.3,0.4,1.3,4.8,,
Xavier Tillman Sr.,23,53,2,13.2,1.8,4.1,0.454,0.2,0.9,0.204,1.7,3.2,0.527,0.477,0.9,1.3,0.648,1.2,1.8,3,1.2,0.9,0.3,0.6,1.2,4.8,,
Udoka Azubuike,22,17,6,11.5,2.2,2.9,0.755,0,0,,2.2,2.9,0.755,0.755,0.4,0.6,0.545,1.1,3.1,4.2,0,0.1,0.6,0.7,1.5,4.7,,
Greg Brown III,20,48,6,13.3,1.7,4,0.426,0.4,1.3,0.311,1.3,2.7,0.481,0.476,0.9,1.4,0.677,0.8,2,2.8,0.7,0.5,0.5,0.8,1.9,4.7,,
David Duke Jr.,22,22,7,15.5,1.8,4.9,0.361,0.4,1.7,0.243,1.4,3.2,0.423,0.403,0.8,1,0.81,1.4,1.7,3,0.8,0.6,0.3,0.4,1.6,4.7,,
Cameron McGriff,24,3,0,15.3,1.7,4.7,0.357,0.7,2,0.333,1,2.7,0.375,0.429,0.7,0.7,1,2,3,5,1,0,0.3,0,2.3,4.7,,
James Bouknight,21,31,0,9.8,1.6,4.5,0.348,0.5,1.6,0.347,1,3,0.348,0.408,0.9,1,0.871,0.7,1,1.7,0.8,0.2,0,0.5,0.9,4.6,,
Maurice Harkless,28,47,24,18.4,1.8,3.9,0.459,0.7,2.1,0.307,1.1,1.7,0.65,0.544,0.4,0.6,0.714,0.3,2.1,2.4,0.5,0.6,0.5,0.7,1.6,4.6,,
Svi Mykhailiuk,24,56,5,12.8,1.6,4.2,0.389,0.7,2.4,0.306,0.9,1.8,0.5,0.476,0.6,0.7,0.865,0.4,1.3,1.6,0.8,0.5,0.1,0.6,1,4.6,,
Romeo Langford,22,48,5,16.1,1.7,4,0.435,0.6,1.8,0.341,1.1,2.2,0.509,0.51,0.5,0.9,0.548,0.6,1.6,2.3,0.4,0.5,0.3,0.3,1,4.5,,
Romeo Langford,22,44,5,16.5,1.8,4.2,0.429,0.7,1.9,0.349,1.1,2.3,0.495,0.508,0.5,0.8,0.588,0.7,1.7,2.4,0.4,0.5,0.4,0.4,1,4.7,,
Romeo Langford,22,4,0,10.8,1,1.8,0.571,0,0.5,0,1,1.3,0.8,0.571,0.8,2,0.375,0,1,1,0.5,0.3,0,0,0.3,2.8,,
Khem Birch,29,55,28,18,1.8,3.6,0.485,0,0.3,0,1.8,3.4,0.522,0.485,1,1.3,0.746,2.2,2.1,4.3,1,0.5,0.5,0.5,1.9,4.5,,
Marquese Chriss,24,34,0,10.2,1.8,3.9,0.463,0.2,0.7,0.32,1.6,3.2,0.495,0.493,0.6,1,0.667,1,2.1,3,0.5,0.4,0.4,0.5,1.9,4.5,,
Louis King,22,10,0,10.4,1.5,4.7,0.319,0.8,2.7,0.296,0.7,2,0.35,0.404,0.7,1,0.7,0,1.2,1.2,0.9,0.2,0.1,0,1.4,4.5,,
Taj Gibson,36,52,4,18.2,1.7,3.2,0.518,0.3,0.7,0.395,1.4,2.5,0.555,0.563,0.8,1,0.808,1.7,2.7,4.4,0.6,0.4,0.8,0.5,2.6,4.4,,
Timothé Luwawu-Cabarrot,26,52,18,13.2,1.4,3.6,0.398,0.8,2.3,0.361,0.6,1.2,0.469,0.516,0.7,0.8,0.854,0.3,1.3,1.6,0.8,0.3,0.1,0.4,1.5,4.4,,
Moses Moody,19,52,11,11.7,1.5,3.5,0.437,0.8,2.1,0.364,0.8,1.4,0.548,0.546,0.5,0.7,0.778,0.3,1.2,1.5,0.4,0.1,0.2,0.3,0.8,4.4,,
Jabari Parker,26,12,0,9.3,1.5,3.2,0.474,0.7,1.3,0.5,0.8,1.8,0.455,0.579,0.8,0.8,1,0.4,1.9,2.3,0.5,0.3,0.1,0.7,1.1,4.4,,
Davon Reed,26,48,5,13.9,1.7,3.4,0.503,0.8,1.8,0.43,0.9,1.6,0.587,0.618,0.2,0.3,0.667,0.3,2,2.3,1.1,0.5,0.2,0.3,1.3,4.4,,
Delon Wright,29,77,8,18.9,1.6,3.5,0.454,0.6,1.5,0.379,1,2,0.51,0.535,0.7,0.8,0.857,0.6,2.2,2.9,2.4,1.2,0.2,0.6,0.7,4.4,,
Moses Brown,22,40,6,8.6,1.6,2.7,0.593,0,0,,1.6,2.7,0.593,0.593,1.1,1.8,0.597,1,2.4,3.4,0,0.2,0.4,0.5,1.3,4.3,,
Moses Brown,22,26,1,6.5,1,1.9,0.54,0,0,,1,1.9,0.54,0.54,1,1.7,0.628,0.6,1.7,2.3,0,0.1,0.3,0.5,1.1,3.1,,
Moses Brown,22,14,5,12.6,2.6,4.1,0.638,0,0,,2.6,4.1,0.638,0.638,1.1,2.1,0.552,1.6,3.6,5.3,0,0.3,0.5,0.4,1.8,6.4,,
DeAndre Jordan,33,48,20,13,1.9,3,0.643,0,0,,1.9,3,0.643,0.643,0.5,0.8,0.55,1.7,3.8,5.5,0.4,0.3,0.7,0.8,1.5,4.3,,
DeAndre Jordan,33,32,19,12.8,1.9,2.8,0.674,0,0,,1.9,2.8,0.674,0.674,0.4,0.8,0.462,1.6,3.8,5.4,0.4,0.3,0.8,0.7,1.6,4.1,,
DeAndre Jordan,33,16,1,13.4,2,3.4,0.593,0,0,,2,3.4,0.593,0.593,0.6,0.9,0.714,2,3.8,5.8,0.5,0.1,0.6,1,1.3,4.6,,
Troy Brown Jr.,22,66,7,16,1.6,3.9,0.419,0.7,2,0.353,0.9,1.9,0.488,0.51,0.3,0.4,0.769,0.6,2.5,3.1,1,0.5,0.1,0.4,0.9,4.3,,
Mamadi Diakite,25,13,3,14.5,1.9,3.6,0.532,0,0.4,0,1.9,3.2,0.595,0.532,0.5,0.8,0.545,1.3,3.2,4.5,0.2,0.4,0.7,0.5,2.5,4.3,,
Malachi Flynn,23,44,5,12.2,1.6,4.2,0.393,0.7,2,0.333,1,2.1,0.452,0.475,0.3,0.5,0.625,0.2,1.2,1.4,1.6,0.5,0.1,0.3,1,4.3,,
Boban Marjanović,33,23,0,5.6,1.8,3,0.6,0,0.2,0.25,1.8,2.9,0.621,0.607,0.6,1,0.591,0.3,1.3,1.7,0.1,0,0.1,0.7,1,4.3,,
Trevelin Queen,24,10,0,7.4,1.5,3.3,0.455,0.9,2.4,0.375,0.6,0.9,0.667,0.591,0.4,0.4,1,0.7,0.9,1.6,0.4,0.5,0.1,0.7,0.6,4.3,,
Yuta Watanabe,27,38,4,11.7,1.5,3.6,0.406,0.7,2.1,0.342,0.8,1.6,0.492,0.504,0.6,1.1,0.6,0.5,1.9,2.4,0.6,0.3,0.4,0.5,1,4.3,,
Rayjon Tucker,24,5,0,14.2,1.2,1.8,0.667,0.8,1,0.8,0.4,0.8,0.5,0.889,1,1.4,0.714,0.6,1,1.6,2,0.8,0,0.2,1,4.2,,
Rayjon Tucker,24,3,0,9.7,0.3,0.7,0.5,0.3,0.7,0.5,0,0,,0.75,1,1.3,0.75,0.3,1,1.3,1.3,0.3,0,0,1,2,,
Rayjon Tucker,24,2,0,21,2.5,3.5,0.714,1.5,1.5,1,1,2,0.5,0.929,1,1.5,0.667,1,1,2,3,1.5,0,0.5,1,7.5,,
Jevon Carter,26,66,3,13.7,1.5,3.8,0.387,1,2.6,0.388,0.5,1.3,0.386,0.518,0.2,0.3,0.833,0.2,1.5,1.7,1.5,0.4,0.2,0.5,1,4.2,,
Jevon Carter,26,46,1,12,1.3,3.8,0.333,0.9,2.8,0.331,0.3,1,0.34,0.454,0.2,0.2,0.7,0.2,1.3,1.5,1,0.3,0.2,0.6,1,3.6,,
Jevon Carter,26,20,2,17.7,2,4,0.506,1.2,2.2,0.558,0.8,1.8,0.444,0.658,0.4,0.4,1,0.3,1.9,2.2,2.5,0.5,0.2,0.4,1.1,5.6,,
Sam Merrill,25,6,0,9.7,1.3,4,0.333,1.2,3.8,0.304,0.2,0.2,1,0.479,0.3,0.7,0.5,0.2,1,1.2,0.7,0,0,0.3,0.5,4.2,,
Lindell Wigginton,23,19,0,10.5,1.4,3.2,0.426,0.5,1.4,0.346,0.9,1.8,0.486,0.5,1,1.8,0.543,0.2,1.2,1.3,1.2,0.3,0.1,0.6,0.9,4.2,,
James Ennis III,31,7,0,8,1.6,3.4,0.458,0.4,1.1,0.375,1.1,2.3,0.5,0.521,0.6,0.7,0.8,0.7,1,1.7,0.4,0.3,0.3,0.3,0.7,4.1,,
James Ennis III,31,2,0,7,1,3.5,0.286,0.5,1,0.5,0.5,2.5,0.2,0.357,0,0,,1,1.5,2.5,0,0.5,0.5,0,0,2.5,,
James Ennis III,31,2,0,14,3.5,5.5,0.636,1,2,0.5,2.5,3.5,0.714,0.727,2,2,1,1,1.5,2.5,0,0.5,0.5,0.5,2,10,,
James Ennis III,31,3,0,4.7,0.7,2,0.333,0,0.7,0,0.7,1.3,0.5,0.333,0,0.3,0,0.3,0.3,0.7,1,0,0,0.3,0.3,1.3,,
Mychal Mulder,27,17,3,14.1,1.4,4.5,0.312,1,3.2,0.315,0.4,1.4,0.304,0.422,0.2,0.2,1,0.1,1.3,1.4,0.3,0.2,0.1,0.5,0.8,4.1,,
Mychal Mulder,27,15,2,13,1.3,4.5,0.299,0.9,3.1,0.283,0.5,1.4,0.333,0.396,0.1,0.1,1,0.1,1.3,1.4,0.2,0.3,0.1,0.5,0.8,3.7,,
Mychal Mulder,27,2,1,22,2,5,0.4,2,4,0.5,0,1,0,0.6,1,1,1,0,1.5,1.5,1,0,0.5,0,0.5,7,,
Santi Aldama,21,32,0,11.3,1.7,4.1,0.402,0.2,1.5,0.125,1.5,2.6,0.56,0.424,0.6,1,0.625,1,1.7,2.7,0.7,0.2,0.3,0.5,1.1,4.1,,
Vlatko Čančar,24,15,1,11.7,1.5,2.7,0.561,0.5,0.8,0.583,1.1,1.9,0.552,0.646,0.6,0.9,0.643,0.5,1.5,2.1,1.1,0.1,0.2,0.6,1.2,4.1,,
Anthony Gill,29,44,0,10.5,1.4,2.5,0.569,0.3,0.6,0.538,1.1,1.9,0.578,0.633,1,1.2,0.808,0.8,1.2,1.9,0.6,0.1,0.3,0.4,1.3,4.1,,
Markus Howard,22,31,0,5.7,1.3,3.3,0.386,0.9,2.3,0.4,0.4,1,0.355,0.525,0.6,0.7,0.87,0.1,0.3,0.4,0.2,0.3,0,0.2,0.5,4.1,,
Frank Ntilikina,23,58,5,11.8,1.5,3.8,0.399,0.7,1.9,0.342,0.9,1.9,0.455,0.484,0.4,0.4,0.96,0.2,1.2,1.4,1.2,0.5,0.1,0.5,1.1,4.1,,
Juan Toscano-Anderson,28,73,6,13.6,1.6,3.2,0.489,0.4,1.2,0.322,1.2,2,0.588,0.549,0.5,1,0.571,0.4,2,2.4,1.7,0.7,0.2,0.9,1.6,4.1,,
Mac McClung,23,2,0,12.5,1.5,3,0.5,0.5,1.5,0.333,1,1.5,0.667,0.583,0.5,0.5,1,0,1.5,1.5,0.5,0.5,0.5,1.5,2.5,4,,
Mac McClung,23,1,0,3,1,1,1,0,0,,1,1,1,1,0,0,,0,0,0,0,0,0,1,0,2,,
Mac McClung,23,1,0,22,2,5,0.4,1,3,0.333,1,2,0.5,0.5,1,1,1,0,3,3,1,1,1,2,5,6,,
Trevor Ariza,36,24,11,19.3,1.4,4.1,0.333,0.8,3.1,0.27,0.5,1,0.52,0.434,0.4,0.8,0.556,0.4,3,3.4,1.1,0.5,0.3,0.5,0.8,4,,
Scotty Hopson,32,1,0,18,2,4,0.5,0,1,0,2,3,0.667,0.5,0,0,,0,1,1,1,0,0,2,1,4,,
Andre Iguodala,38,31,0,19.5,1.5,3.9,0.38,0.5,2.4,0.23,0.9,1.5,0.617,0.45,0.5,0.6,0.75,0.7,2.5,3.2,3.7,0.9,0.7,0.9,1.1,4,,
Micah Potter,23,3,0,10.3,1.7,3.7,0.455,0,0.7,0,1.7,3,0.556,0.455,0.7,0.7,1,1.3,1.7,3,0,0.3,0.3,0.3,1.3,4,,
Matt Thomas,27,40,0,11.5,1.4,3.4,0.41,0.9,2.3,0.385,0.5,1.1,0.465,0.541,0.4,0.5,0.8,0.1,1.2,1.3,0.5,0.2,0.1,0.2,0.5,4,,
Gabe York,28,2,0,10.5,1,3.5,0.286,0.5,3,0.167,0.5,0.5,1,0.357,1.5,2.5,0.6,0,1,1,2,1,0.5,0.5,2,4,,
Didi Louzada,22,9,1,14.3,1.3,3.7,0.364,1,2.6,0.391,0.3,1.1,0.3,0.5,0.2,0.2,1,0.6,1.3,1.9,0.6,0.2,0.2,0.6,1.4,3.9,,
Didi Louzada,22,2,0,3.5,0,1.5,0,0,1.5,0,0,0,,0,0,0,,1,0,1,0.5,0,0,0,0,0,,
Didi Louzada,22,7,1,17.4,1.7,4.3,0.4,1.3,2.9,0.45,0.4,1.4,0.3,0.55,0.3,0.3,1,0.4,1.7,2.1,0.6,0.3,0.3,0.7,1.9,5,,
Kyle Guy,24,19,0,9.8,1.4,3.4,0.4,0.7,2.1,0.35,0.6,1.3,0.48,0.508,0.4,0.6,0.667,0.2,0.7,0.9,0.9,0.4,0.1,0.7,0.6,3.9,,
Malcolm Hill,26,19,0,11.2,1.3,2.7,0.462,0.7,1.9,0.361,0.6,0.8,0.688,0.587,0.6,0.7,0.786,0.6,1.3,1.8,0.4,0.4,0.2,0.2,1.3,3.8,,
Malcolm Hill,26,3,0,15.3,1.7,2.7,0.625,1,1.7,0.6,0.7,1,0.667,0.813,1.3,1.3,1,0.7,1.3,2,0.3,1.3,0.3,0,2.3,5.7,,
Malcolm Hill,26,16,0,10.4,1.2,2.8,0.432,0.6,1.9,0.323,0.6,0.8,0.692,0.545,0.4,0.6,0.7,0.6,1.3,1.8,0.4,0.2,0.1,0.2,1.1,3.4,,
Jared Butler,21,42,1,8.6,1.5,3.6,0.404,0.7,2.1,0.318,0.8,1.5,0.524,0.497,0.3,0.4,0.688,0.1,1,1.1,1.5,0.4,0.2,0.8,1.1,3.8,,
Sandro Mamukelashvili,22,41,3,9.9,1.4,2.8,0.496,0.5,1.3,0.423,0.9,1.5,0.556,0.591,0.4,0.5,0.818,0.9,1.1,2,0.5,0.2,0.2,0.4,0.7,3.8,,
Jordan McLaughlin,25,62,3,14.5,1.4,3.2,0.44,0.4,1.4,0.318,1,1.9,0.53,0.508,0.5,0.6,0.75,0.4,1.2,1.5,2.9,0.9,0.2,0.6,0.9,3.8,,
Aaron Nesmith,22,52,3,11,1.4,3.5,0.396,0.6,2.2,0.27,0.8,1.3,0.612,0.481,0.4,0.5,0.808,0.3,1.4,1.7,0.4,0.4,0.1,0.6,1.3,3.8,,
Jamorko Pickett,24,13,0,13.5,1.4,3.8,0.36,1,3,0.333,0.4,0.8,0.455,0.49,0.1,0.2,0.5,0.5,2,2.5,0.5,0,0.5,0.4,0.9,3.8,,
Admiral Schofield,24,38,1,12.3,1.4,3.4,0.419,0.7,2.1,0.329,0.7,1.3,0.56,0.519,0.3,0.4,0.8,0.4,1.9,2.3,0.7,0.1,0.1,0.6,1.5,3.8,,
Cheick Diallo,25,3,0,10.3,1,2.7,0.375,0,0,,1,2.7,0.375,0.375,1.7,2,0.833,1.3,2.7,4,0,0.3,0,0.3,2,3.7,,
Enes Freedom,29,35,1,11.7,1.5,2.8,0.526,0.1,0.1,0.4,1.4,2.6,0.533,0.536,0.7,0.8,0.857,1.7,2.8,4.6,0.2,0.1,0.4,0.6,1.2,3.7,,
Nathan Knight,24,37,2,7.2,1.2,2.4,0.511,0.1,0.4,0.308,1.1,2,0.547,0.534,1.2,1.6,0.733,0.9,1.4,2.3,0.6,0.2,0.2,0.5,1.1,3.7,,
KZ Okpala,22,21,0,11.6,1.4,3.3,0.435,0.4,1.2,0.346,1,2,0.488,0.5,0.4,0.5,0.727,0.5,1.4,2,0.7,0.2,0.3,0.2,1.2,3.7,,
Brad Wanamaker,32,23,2,13.9,1.2,3.3,0.364,0.2,0.7,0.235,1,2.6,0.4,0.39,1,1.1,0.92,0.3,1.4,1.7,2.4,0.3,0.3,1,2,3.6,,
Brad Wanamaker,32,22,1,13.3,1.2,3.3,0.361,0.2,0.8,0.235,1,2.5,0.4,0.389,0.9,1,0.909,0.3,1.3,1.6,2.2,0.2,0.3,1,1.9,3.5,,
Brad Wanamaker,32,1,1,27,2,5,0.4,0,0,,2,5,0.4,0.4,3,3,1,0,4,4,7,2,0,0,3,7,,
Tomáš Satoranský,30,55,13,16.5,1.3,3.5,0.377,0.2,1,0.208,1.1,2.5,0.442,0.406,0.8,1,0.796,0.5,1.8,2.3,3.3,0.5,0.1,0.8,1.3,3.6,,
Tomáš Satoranský,30,32,3,15,1,3.3,0.299,0.2,1,0.161,0.8,2.4,0.355,0.322,0.6,0.8,0.76,0.6,1.4,2,2.4,0.4,0,0.7,1,2.8,,
Tomáš Satoranský,30,1,0,9,0,0,,0,0,,0,0,,,3,4,0.75,0,1,1,0,0,0,0,0,3,,
Tomáš Satoranský,30,22,10,18.9,1.8,3.8,0.476,0.3,1,0.273,1.5,2.8,0.548,0.512,1,1.1,0.84,0.4,2.4,2.8,4.9,0.7,0.2,1,1.7,4.9,,
Thanasis Antetokounmpo,29,48,6,9.9,1.5,2.7,0.547,0,0.3,0.143,1.4,2.4,0.596,0.555,0.6,1,0.63,0.8,1.3,2.1,0.5,0.3,0.3,0.5,1.4,3.6,,
Isaiah Joe,22,55,1,11.1,1.1,3.2,0.35,0.8,2.5,0.333,0.3,0.8,0.405,0.477,0.5,0.6,0.935,0.1,0.9,1,0.6,0.3,0.1,0.3,0.9,3.6,,
Tony Snell,30,53,12,15.5,1.3,3.2,0.404,0.8,2.4,0.352,0.5,0.8,0.558,0.535,0.1,0.1,1,0.3,1.6,1.9,0.5,0.3,0.2,0.4,1.3,3.5,,
Tony Snell,30,38,10,14.4,0.9,2.6,0.371,0.6,2,0.32,0.3,0.6,0.545,0.495,0.1,0.1,1,0.3,1.6,1.9,0.5,0.2,0.2,0.3,1.2,2.6,,
Tony Snell,30,15,2,18.5,2.2,4.9,0.446,1.4,3.5,0.396,0.8,1.4,0.571,0.588,0.1,0.1,1,0.3,1.7,2.1,0.5,0.5,0.1,0.5,1.7,5.9,,
Elijah Hughes,23,36,4,12.1,1.3,4,0.326,0.7,2.6,0.263,0.6,1.4,0.449,0.413,0.2,0.3,0.778,0.2,1.4,1.6,0.6,0.4,0.2,0.5,1.1,3.5,,
Elijah Hughes,23,14,1,8,1.1,2.6,0.417,0.7,2,0.357,0.4,0.6,0.625,0.556,0.2,0.2,1,0.1,1.1,1.2,0.4,0.3,0.1,0.5,0.5,3.1,,
Elijah Hughes,23,22,3,14.6,1.5,4.9,0.296,0.7,3,0.224,0.8,1.9,0.415,0.366,0.2,0.3,0.667,0.2,1.7,1.9,0.7,0.5,0.3,0.5,1.5,3.8,,
Paul Millsap,36,33,1,11.4,1.4,3.5,0.391,0.2,1.1,0.229,1.1,2.4,0.463,0.426,0.5,0.7,0.708,1.2,2.2,3.5,0.9,0.3,0.4,0.6,2,3.5,,
Paul Millsap,36,24,0,11.3,1.3,3.5,0.376,0.3,1.1,0.222,1.1,2.4,0.448,0.412,0.5,0.7,0.706,1.2,2.5,3.7,1,0.2,0.5,0.5,2,3.4,,
Paul Millsap,36,9,1,11.8,1.4,3.3,0.433,0.2,0.9,0.25,1.2,2.4,0.5,0.467,0.6,0.8,0.714,1.3,1.4,2.8,0.6,0.6,0.2,0.9,2.1,3.7,,
Jarrett Culver,22,37,0,9.1,1.4,3.6,0.378,0.3,1.3,0.255,1.1,2.4,0.443,0.422,0.4,0.9,0.471,0.4,0.9,1.3,0.9,0.5,0.1,0.5,1.1,3.5,,
Gorgui Dieng,32,44,3,8.4,1.2,2.5,0.473,0.7,1.5,0.426,0.5,1,0.545,0.603,0.4,0.6,0.731,0.7,2,2.8,0.8,0.3,0.3,0.5,1.2,3.5,,
Alfonzo McKinnie,29,17,3,12.1,1.4,3.6,0.393,0.5,1.6,0.333,0.9,2,0.441,0.467,0.1,0.5,0.25,0.8,1.2,1.9,0.3,0.1,0.2,0.4,1.5,3.5,,
Kent Bazemore,32,39,14,14,1.2,3.6,0.324,0.7,2.1,0.363,0.4,1.5,0.271,0.428,0.3,0.4,0.765,0.3,1.4,1.8,0.9,0.6,0.2,0.5,1.8,3.4,,
Tyler Cook,24,20,2,10,1.2,1.9,0.605,0,0,,1.2,1.9,0.605,0.605,1.1,1.6,0.656,0.8,1.9,2.7,0.2,0.2,0.2,0.4,1.4,3.4,,
Nerlens Noel,27,25,11,22.5,1.3,2.4,0.533,0,0.1,0,1.3,2.3,0.561,0.533,0.8,1.2,0.7,1.9,3.7,5.6,0.9,1.2,1.2,0.8,2.7,3.4,,
Paul Watson,27,9,3,17.3,1.3,3.9,0.343,0.7,2.9,0.231,0.7,1,0.667,0.429,0.1,0.2,0.5,0.3,2.7,3,0.9,0.3,0.3,0.4,1.1,3.4,,
Juancho Hernangómez,26,40,9,11.1,1.1,2.7,0.415,0.6,1.7,0.348,0.5,0.9,0.541,0.528,0.5,0.9,0.559,0.7,1.8,2.5,0.5,0.4,0.3,0.4,0.6,3.3,,
Juancho Hernangómez,26,18,0,5.3,0.3,1.5,0.185,0.2,1,0.167,0.1,0.5,0.222,0.241,0.3,0.5,0.667,0.5,0.9,1.4,0.2,0.2,0.1,0.3,0.4,1.1,,
Juancho Hernangómez,26,5,0,10.2,0.4,1.2,0.333,0,0.6,0,0.4,0.6,0.667,0.333,0.6,0.8,0.75,0.8,2.2,3,0.6,0.2,0.2,0.4,0,1.4,,
Juancho Hernangómez,26,17,9,17.5,2.2,4.3,0.507,1.2,2.8,0.438,0.9,1.5,0.64,0.651,0.6,1.2,0.476,0.9,2.6,3.5,0.8,0.5,0.4,0.5,1.1,6.2,,
Semi Ojeleye,27,30,0,13.5,1,3.3,0.303,0.5,1.7,0.3,0.5,1.6,0.306,0.379,0.8,1,0.793,0.9,1.6,2.5,0.3,0.2,0.2,0.3,1,3.3,,
Semi Ojeleye,27,20,0,15.4,0.9,3.5,0.257,0.6,2.1,0.268,0.4,1.5,0.241,0.336,0.5,0.7,0.769,1.3,1.7,2.9,0.3,0.3,0.3,0.3,1.3,2.9,,
Semi Ojeleye,27,10,0,9.8,1.2,2.9,0.414,0.4,0.9,0.444,0.8,2,0.4,0.483,1.3,1.6,0.813,0.2,1.4,1.6,0.4,0.2,0.1,0.4,0.4,4.1,,
Tremont Waters,24,3,0,16.7,1.3,4.7,0.286,0.7,3,0.222,0.7,1.7,0.4,0.357,0,0,,0,1.3,1.3,2.3,1.7,0,1.3,1.3,3.3,,
Tremont Waters,24,2,0,21,1.5,6,0.25,1,4.5,0.222,0.5,1.5,0.333,0.333,0,0,,0,2,2,3.5,2,0,2,1,4,,
Tremont Waters,24,1,0,8,1,2,0.5,0,0,,1,2,0.5,0.5,0,0,,0,0,0,0,1,0,0,2,2,,
Tim Frazier,31,12,3,17.3,1.2,3.8,0.311,0.5,1.4,0.353,0.7,2.3,0.286,0.378,0.4,0.8,0.556,0.4,1.2,1.6,2.8,0.3,0.1,1.3,2.3,3.3,,
Tim Frazier,31,10,3,20,1.3,4.3,0.302,0.6,1.7,0.353,0.7,2.6,0.269,0.372,0.5,0.9,0.556,0.5,1.4,1.9,3.3,0.3,0.1,1.3,2.4,3.7,,
Tim Frazier,31,2,0,4,0.5,1,0.5,0,0,,0.5,1,0.5,0.5,0,0,,0,0,0,0.5,0,0,1,1.5,1,,
Sterling Brown,26,49,3,12.8,1.2,3.2,0.381,0.6,1.9,0.304,0.6,1.3,0.492,0.471,0.3,0.3,0.933,0.5,2.5,3,0.7,0.3,0.1,0.5,1.1,3.3,,
Trent Forrest,23,60,6,12.8,1.3,2.6,0.49,0.1,0.5,0.185,1.2,2.1,0.555,0.506,0.6,0.8,0.792,0.4,1.3,1.7,1.8,0.5,0.1,0.8,0.7,3.3,,
Gabriel Lundberg,27,4,0,11,1.3,4.8,0.263,0.8,2,0.375,0.5,2.8,0.182,0.342,0,0,,0.5,1.3,1.8,2.8,0.8,0,0.8,1.8,3.3,,
Killian Tillie,23,36,3,12.8,1.2,3.5,0.339,0.8,2.4,0.314,0.4,1.1,0.39,0.445,0.1,0.2,0.625,0.6,1.1,1.7,0.6,0.6,0.4,0.4,1.6,3.3,,
Dalano Banton,22,64,1,10.9,1.3,3.2,0.411,0.2,0.8,0.255,1.1,2.4,0.464,0.443,0.4,0.7,0.591,0.6,1.3,1.9,1.5,0.4,0.2,0.8,1.1,3.2,,
Daishen Nix,19,24,0,10.9,1.1,2.8,0.403,0.3,1.1,0.269,0.8,1.7,0.488,0.455,0.7,1.3,0.533,0.3,1.1,1.4,1.7,0.6,0,1.1,0.9,3.2,,
Jahmi'us Ramsey,20,19,0,7.1,1.3,3.1,0.414,0.3,0.9,0.278,1,2.1,0.475,0.457,0.4,0.7,0.5,0.2,0.5,0.7,0.4,0.1,0.1,0.3,0.5,3.2,,
Justin Robinson,24,25,0,12.2,1.1,3.7,0.301,0.7,2.4,0.295,0.4,1.3,0.313,0.398,0.2,0.3,0.5,0.2,0.7,0.8,1.3,0.4,0,0.7,1.1,3.1,,
Justin Robinson,24,17,0,11.6,1.1,3.4,0.316,0.6,2.2,0.27,0.5,1.2,0.4,0.404,0.1,0.1,1,0.1,0.6,0.8,1.2,0.5,0,0.6,1,2.8,,
Justin Robinson,24,3,0,5,0.3,2.7,0.125,0,1,0,0.3,1.7,0.2,0.125,0,0,,0,0.3,0.3,0.7,0,0,0.3,0.7,0.7,,
Justin Robinson,24,5,0,18.2,1.8,5.6,0.321,1.6,4.2,0.381,0.2,1.4,0.143,0.464,0.4,1.2,0.333,0.4,1,1.4,1.8,0.2,0.2,1,1.6,5.6,,
Kevin Knox,22,30,0,7.4,1,2.8,0.365,0.5,1.8,0.278,0.5,1,0.516,0.453,0.5,0.7,0.727,0.5,1,1.5,0.3,0.1,0.1,0.2,0.6,3.1,,
Kevin Knox,22,13,0,8.5,1.2,3.1,0.375,0.8,2.2,0.357,0.4,0.9,0.417,0.5,0.5,0.8,0.7,0.6,1.1,1.7,0.2,0.2,0.1,0.4,0.4,3.6,,
Kevin Knox,22,17,0,6.5,0.9,2.6,0.356,0.3,1.5,0.192,0.6,1.1,0.579,0.411,0.5,0.7,0.75,0.4,0.9,1.3,0.4,0.1,0.1,0.1,0.8,2.7,,
Rodney Hood,29,52,0,13.6,1.1,3,0.369,0.6,1.8,0.33,0.5,1.3,0.424,0.465,0.3,0.4,0.895,0.3,1.2,1.5,0.7,0.3,0.1,0.2,0.6,3.1,,
Rodney Hood,29,39,0,14.9,1.2,3.4,0.351,0.6,2.1,0.3,0.6,1.3,0.431,0.443,0.3,0.4,0.929,0.3,1.4,1.7,0.8,0.3,0.1,0.2,0.7,3.3,,
Rodney Hood,29,13,0,9.8,0.9,2,0.462,0.5,0.8,0.545,0.5,1.2,0.4,0.577,0.3,0.4,0.8,0.2,0.6,0.8,0.6,0.2,0.2,0.3,0.3,2.6,,
Keljin Blevins,26,31,1,11.3,1.1,3.6,0.306,0.7,2.3,0.292,0.4,1.3,0.333,0.401,0.2,0.4,0.545,0.5,0.9,1.5,0.6,0.4,0,0.5,0.9,3.1,,
Devontae Cacok,25,15,0,8.1,1.4,2.1,0.677,0,0,,1.4,2.1,0.677,0.677,0.3,0.5,0.571,0.5,2.3,2.8,0.4,0.5,0.5,0.2,1.1,3.1,,
Paul Reed,22,38,2,7.9,1.4,2.5,0.563,0.1,0.2,0.25,1.4,2.3,0.591,0.573,0.2,0.4,0.429,1.2,1.3,2.4,0.4,0.9,0.4,0.3,1.5,3.1,,
Javonte Smart,22,17,1,11.8,1.1,3.5,0.317,0.5,1.6,0.296,0.6,1.9,0.333,0.383,0.3,0.4,0.833,0.3,1.1,1.4,0.9,0.4,0.2,0.6,0.7,3,,
Javonte Smart,22,13,1,12.3,0.8,3.3,0.256,0.3,1.4,0.222,0.5,1.9,0.28,0.302,0.4,0.5,0.833,0.3,1.2,1.5,1.1,0.3,0.2,0.7,0.8,2.4,,
Javonte Smart,22,4,0,10,2,4.3,0.471,1,2.3,0.444,1,2,0.5,0.588,0,0,,0.3,1,1.3,0.5,0.5,0.3,0.5,0.3,5,,
Paris Bass,26,2,0,3.5,1,3,0.333,0,1,0,1,2,0.5,0.333,1,1,1,1,1,2,0,0.5,0,1,1,3,,
Charles Bassey,21,23,0,7.3,1.3,2,0.638,0,0.2,0,1.3,1.9,0.698,0.638,0.4,0.5,0.75,1,1.7,2.7,0.3,0.2,0.7,0.3,1.4,3,,
Tony Bradley,24,55,7,10,1.3,2.2,0.585,0,0,,1.3,2.2,0.585,0.585,0.3,0.5,0.655,1.2,2.2,3.4,0.5,0.2,0.6,0.6,1.1,3,,
Daniel Oturu,22,3,0,9,1,2,0.5,0,0.3,0,1,1.7,0.6,0.5,1,1.7,0.6,0.3,1.3,1.7,0,0,0.7,0,0.3,3,,
Elfrid Payton,27,50,1,11,1.3,3.5,0.383,0.1,0.4,0.222,1.3,3.1,0.401,0.394,0.2,0.6,0.375,0.4,1.3,1.8,2,0.5,0.1,0.9,0.8,3,,
Neemias Queta,22,15,0,8,1.1,2.5,0.447,0,0,,1.1,2.5,0.447,0.447,0.7,1.1,0.647,0.9,1.1,2.1,0.4,0.1,0.5,0.4,1.2,3,,
Nick Richards,24,50,5,7.3,1.2,1.8,0.667,0,0,,1.2,1.8,0.667,0.667,0.6,0.9,0.698,0.7,1,1.7,0.3,0.2,0.4,0.5,1,3,,
Matt Ryan,24,1,0,5,1,5,0.2,1,5,0.2,0,0,,0.3,0,0,,0,0,0,0,1,0,0,0,3,,
Tre Scott,25,2,0,5.5,1.5,3,0.5,0,0.5,0,1.5,2.5,0.6,0.5,0,0,,0.5,0.5,1,0,0.5,0.5,0,1,3,,
Bruno Fernando,23,30,0,5.1,1.2,1.8,0.655,0,0.1,0.5,1.2,1.8,0.66,0.664,0.5,0.8,0.625,0.6,1.2,1.8,0.2,0,0.4,0.5,0.8,2.9,,
Bruno Fernando,23,20,0,2.9,0.4,0.7,0.5,0.1,0.1,1,0.3,0.7,0.462,0.536,0.2,0.3,0.8,0.4,0.4,0.8,0.2,0,0.2,0.3,0.3,1,,
Bruno Fernando,23,10,0,9.4,2.9,4.1,0.707,0,0.1,0,2.9,4,0.725,0.707,1.1,1.9,0.579,1.1,2.9,4,0.3,0.1,0.8,0.9,1.8,6.9,,
Vernon Carey Jr.,20,7,1,6.3,1,1.9,0.538,0,0,,1,1.9,0.538,0.538,0.9,1.9,0.462,1.1,0.6,1.7,0,0.3,0.1,0.4,0.6,2.9,,
Vernon Carey Jr.,20,4,1,4.3,0.8,1.5,0.5,0,0,,0.8,1.5,0.5,0.5,0.5,0.8,0.667,0.8,0.5,1.3,0,0.3,0,0.3,0.3,2,,
Vernon Carey Jr.,20,3,0,9,1.3,2.3,0.571,0,0,,1.3,2.3,0.571,0.571,1.3,3.3,0.4,1.7,0.7,2.3,0,0.3,0.3,0.7,1,4,,
Skylar Mays,24,28,5,7.9,1.1,2.3,0.5,0.3,0.9,0.32,0.9,1.4,0.615,0.563,0.3,0.3,0.889,0.2,0.7,0.9,0.6,0.3,0,0.4,0.3,2.9,,
Denzel Valentine,28,24,0,9.3,1,2.8,0.379,0.8,2,0.404,0.3,0.8,0.316,0.523,0,0,,0.4,1.4,1.8,0.5,0.3,0,0.5,0.8,2.9,,
Denzel Valentine,28,22,0,9.3,1,2.8,0.371,0.8,2,0.409,0.2,0.8,0.278,0.516,0,0,,0.4,1.3,1.7,0.5,0.3,0,0.5,0.8,2.9,,
Denzel Valentine,28,2,0,9,1,2,0.5,0.5,1.5,0.333,0.5,0.5,1,0.625,0,0,,0,2,2,0,0.5,0,1,1.5,2.5,,
Tyler Johnson,29,6,0,15.2,1,3.3,0.3,0.8,2.2,0.385,0.2,1.2,0.143,0.425,0,0,,0.5,1.5,2,1.2,0.5,0.5,0.3,1.2,2.8,,
Tyler Johnson,29,3,0,12.7,1.3,3.3,0.4,1,2.3,0.429,0.3,1,0.333,0.55,0,0,,0.3,1.7,2,0.7,0.3,0.3,0.3,1.3,3.7,,
Tyler Johnson,29,3,0,17.7,0.7,3.3,0.2,0.7,2,0.333,0,1.3,0,0.3,0,0,,0.7,1.3,2,1.7,0.7,0.7,0.3,1,2,,
Aleem Ford,24,5,0,14.8,1.2,4,0.3,0.4,3,0.133,0.8,1,0.8,0.35,0,0,,0.4,2.6,3,0.4,0.2,0,0.8,1.4,2.8,,
Tyrone Wallace,27,6,0,12.5,1.2,3.3,0.35,0.3,1.3,0.25,0.8,2,0.417,0.4,0.2,0.8,0.2,0,1.3,1.3,0.2,0.5,0.2,0.3,1.2,2.8,,
Gary Clark,27,38,1,9.9,0.9,2.3,0.375,0.7,1.8,0.4,0.1,0.5,0.278,0.534,0.2,0.3,0.7,0.6,1.8,2.4,0.5,0.3,0.2,0.3,0.5,2.7,,
Josh Okogie,23,49,6,10.5,0.9,2.1,0.404,0.3,1,0.298,0.6,1.2,0.491,0.471,0.7,1,0.686,0.6,0.8,1.4,0.5,0.5,0.2,0.5,1.1,2.7,,
Jay Scrubb,21,18,0,6.7,1,2.6,0.391,0.3,1.2,0.286,0.7,1.4,0.48,0.457,0.4,0.6,0.7,0.1,0.8,0.9,0.4,0.2,0.2,0.4,0.5,2.7,,
Quinndary Weatherspoon,25,11,0,6.6,1.1,1.9,0.571,0.1,0.5,0.2,1,1.5,0.688,0.595,0.5,0.5,1,0.2,1.1,1.3,0.5,0.1,0.1,0.3,1.4,2.7,,
Chris Silva,25,10,0,9.1,0.8,1.5,0.533,0,0,,0.8,1.5,0.533,0.533,1,1.2,0.833,1.3,2.3,3.6,0.7,0,0.1,0.8,2,2.6,,
Chris Silva,25,1,0,3,0,0,,0,0,,0,0,,,0,0,,0,1,1,0,0,0,0,0,0,,
Chris Silva,25,9,0,9.8,0.9,1.7,0.533,0,0,,0.9,1.7,0.533,0.533,1.1,1.3,0.833,1.4,2.4,3.9,0.8,0,0.1,0.9,2.2,2.9,,
Gabriel Deck,26,7,0,8,1.1,2,0.571,0.3,0.6,0.5,0.9,1.4,0.6,0.643,0,0,,0.1,0.7,0.9,0.7,0.1,0,0.3,0.3,2.6,,
Devon Dotson,22,11,0,7.7,1,2.1,0.478,0.2,0.8,0.222,0.8,1.3,0.643,0.522,0.5,0.8,0.556,0.1,0.7,0.8,1.4,0.1,0,0.5,1,2.6,,
Juwan Morgan,24,2,0,15.5,1,1.5,0.667,0.5,1,0.5,0.5,0.5,1,0.833,0,0,,1,1,2,0.5,0,0,0,1.5,2.5,,
Juwan Morgan,24,1,0,27,2,3,0.667,1,2,0.5,1,1,1,0.833,0,0,,2,2,4,1,0,0,0,3,5,,
Juwan Morgan,24,1,0,4,0,0,,0,0,,0,0,,,0,0,,0,0,0,0,0,0,0,0,0,,
Udonis Haslem,41,13,0,6.4,1.1,2.4,0.452,0.1,0.3,0.25,1,2.1,0.481,0.468,0.2,0.2,1,0.3,1.6,1.9,0.3,0.1,0.1,0.4,1.2,2.5,,
Sam Hauser,24,26,0,6.1,0.9,1.9,0.46,0.7,1.7,0.432,0.2,0.2,0.667,0.65,0,0,,0.2,0.9,1.1,0.4,0,0.1,0.1,0.3,2.5,,
Theo Pinson,26,19,0,7.8,0.7,2.1,0.359,0.5,1.6,0.333,0.2,0.5,0.444,0.487,0.5,0.5,1,0.1,1,1.1,0.9,0.3,0.1,0.3,0.6,2.5,,
Bol Bol,22,14,0,5.8,1.1,1.9,0.556,0.1,0.3,0.25,1,1.6,0.609,0.574,0.1,0.4,0.4,0.3,1.1,1.4,0.4,0.1,0.1,0.3,0.3,2.4,,
Jalen Johnson,20,22,0,5.5,1,1.9,0.537,0.1,0.6,0.231,0.9,1.3,0.679,0.573,0.2,0.3,0.714,0.1,1.1,1.2,0.1,0.1,0.1,0.4,0.4,2.4,,
Jake Layman,27,34,1,6.8,0.9,2.1,0.411,0.2,1,0.229,0.6,1.1,0.579,0.466,0.4,0.5,0.722,0.2,0.9,1.1,0.3,0.2,0.1,0.3,0.4,2.4,,
Abdel Nader,28,14,0,10.4,0.9,2.5,0.343,0.3,1,0.286,0.6,1.5,0.381,0.4,0.4,0.7,0.6,0.3,1.6,1.9,0.5,0.6,0.3,0.8,1.4,2.4,,
Ish Wainright,27,45,0,8,0.9,2.3,0.394,0.4,1.3,0.322,0.5,1,0.489,0.486,0.2,0.3,0.583,0.6,0.6,1.2,0.3,0.4,0.1,0.3,1.1,2.4,,
Nik Stauskas,28,8,0,4.9,0.6,1.8,0.357,0.5,1.3,0.4,0.1,0.5,0.25,0.5,0.5,0.8,0.667,0.1,0.3,0.4,0.3,0,0,0.1,0.1,2.3,,
Nik Stauskas,28,2,0,12,1.5,4,0.375,1,2,0.5,0.5,2,0.25,0.5,1.5,2,0.75,0.5,1,1.5,0.5,0,0,0,0.5,5.5,,
Nik Stauskas,28,6,0,2.5,0.3,1,0.333,0.3,1,0.333,0,0,,0.5,0.2,0.3,0.5,0,0,0,0.2,0,0,0.2,0,1.2,,
Justin Champagnie,20,36,0,7.8,0.9,1.9,0.463,0.3,0.8,0.357,0.6,1.1,0.538,0.537,0.3,0.3,1,1,1,2,0.3,0.2,0.1,0.2,0.9,2.3,,
Freddie Gillespie,24,9,2,13.2,1,2.4,0.409,0,0.1,0,1,2.3,0.429,0.409,0.3,0.8,0.429,1.4,2.6,4,0.6,0.3,1,0.6,2,2.3,,
Haywood Highsmith,25,19,1,8.6,0.8,2.4,0.348,0.5,1.5,0.321,0.4,0.9,0.389,0.446,0.1,0.3,0.4,0.5,0.8,1.4,0.3,0.1,0.2,0.2,0.7,2.3,,
Miles McBride,21,40,2,9.3,0.8,2.7,0.296,0.4,1.7,0.25,0.4,1,0.375,0.375,0.2,0.3,0.667,0.1,1,1.1,1,0.4,0,0.1,1.1,2.2,,
Jericho Sims,23,41,5,13.5,1,1.3,0.722,0,0,,1,1.3,0.722,0.722,0.3,0.7,0.414,1.5,2.6,4.1,0.5,0.3,0.5,0.5,1.6,2.2,,
Dylan Windler,25,50,0,9.2,0.7,2,0.378,0.4,1.4,0.3,0.3,0.6,0.571,0.485,0.3,0.4,0.833,0.4,1.4,1.8,0.7,0.3,0.1,0.3,0.9,2.2,,
Jeff Dowtin,24,9,0,12,0.9,2.9,0.308,0.1,1,0.111,0.8,1.9,0.412,0.327,0.2,0.2,1,0.9,1.1,2,1.1,0.6,0.1,0.6,0.6,2.1,,
Jeff Dowtin,24,4,0,7,0.8,1.5,0.5,0,0.3,0,0.8,1.3,0.6,0.5,0,0,,0.3,1.5,1.8,0.8,0,0.3,0.3,0.5,1.5,,
Jeff Dowtin,24,1,0,3,0,1,0,0,1,0,0,0,,0,0,0,,0,0,0,0,0,0,0,0,0,,
Jeff Dowtin,24,4,0,19.3,1.3,4.8,0.263,0.3,1.8,0.143,1,3,0.333,0.289,0.5,0.5,1,1.8,1,2.8,1.8,1.3,0,1,0.8,3.3,,
Justin Jackson,26,7,0,5.3,0.7,2.1,0.333,0.4,1.3,0.333,0.3,0.9,0.333,0.433,0.3,0.3,1,0.1,0.9,1,0.3,0,0,0.1,0.4,2.1,,
Justin Jackson,26,1,0,2,0,1,0,0,0,,0,1,0,0,2,2,1,0,0,0,0,0,0,0,0,2,,
Justin Jackson,26,6,0,5.8,0.8,2.3,0.357,0.5,1.5,0.333,0.3,0.8,0.4,0.464,0,0,,0.2,1,1.2,0.3,0,0,0.2,0.5,2.2,,
Joe Wieskamp,22,29,0,7.1,0.7,1.9,0.357,0.5,1.5,0.326,0.2,0.4,0.462,0.482,0.2,0.4,0.538,0.1,0.3,0.5,0.3,0.1,0.1,0.1,0.5,2.1,,
Langston Galloway,30,7,0,15.3,0.9,3.7,0.231,0.3,2.3,0.125,0.6,1.4,0.4,0.269,0,0,,0.4,2.1,2.6,1.7,0.1,0,0.9,1,2,,
Langston Galloway,30,4,0,14.5,1.3,3.3,0.385,0.5,2,0.25,0.8,1.3,0.6,0.462,0,0,,0.3,1.8,2,1.3,0,0,1.3,1.3,3,,
Langston Galloway,30,3,0,16.3,0.3,4.3,0.077,0,2.7,0,0.3,1.7,0.2,0.077,0,0,,0.7,2.7,3.3,2.3,0.3,0,0.3,0.7,0.7,,
Luke Kornet,26,15,0,6.9,0.9,1.8,0.481,0,0.3,0,0.9,1.5,0.591,0.481,0.3,0.4,0.667,0.9,1.1,1.9,0.6,0.2,0.2,0,0.6,2,,
Luke Kornet,26,2,0,7.5,0.5,2.5,0.2,0,0.5,0,0.5,2,0.25,0.2,1,1.5,0.667,1,0.5,1.5,0.5,0,0.5,0,0.5,2,,
Luke Kornet,26,1,0,3,0,1,0,0,0,,0,1,0,0,0,0,,1,0,1,0,0,0,0,1,0,,
Luke Kornet,26,12,0,7.1,1,1.8,0.571,0,0.3,0,1,1.4,0.706,0.571,0.2,0.3,0.667,0.8,1.3,2.1,0.7,0.3,0.2,0,0.6,2.2,,
Ahmad Caver,25,1,0,1,1,1,1,0,0,,1,1,1,1,0,0,,0,0,0,0,0,0,0,0,2,,
Chris Chiozza,26,34,1,10.9,0.7,2.4,0.296,0.5,1.6,0.321,0.2,0.8,0.25,0.401,0.1,0.1,0.667,0.3,0.8,1.1,1.9,0.4,0,0.9,0.9,2,,
Damyean Dotson,27,2,0,10.5,1,2,0.5,0,0.5,0,1,1.5,0.667,0.5,0,0,,0,1,1,0.5,0,0,0,0,2,,
Usman Garuba,19,24,2,10,0.8,1.8,0.432,0.2,0.8,0.25,0.6,1,0.583,0.489,0.2,0.3,0.714,0.9,2.6,3.5,0.7,0.4,0.5,0.3,1.2,2,,
Shaquille Harrison,28,2,0,11.5,1,3,0.333,0,1,0,1,2,0.5,0.333,0,0,,0.5,1.5,2,1.5,0.5,0.5,1,1.5,2,,
Joe Johnson,40,1,0,2,1,1,1,0,0,,1,1,1,1,0,0,,0,0,0,0,0,0,0,0,2,,
Jemerrio Jones,26,2,0,7.5,1,1.5,0.667,0,0,,1,1.5,0.667,0.667,0,0,,1,0.5,1.5,0,0.5,0,0,1,2,,
Norvel Pelle,28,3,0,6.3,1,1.7,0.6,0,0,,1,1.7,0.6,0.6,0,0,,1,1,2,0,0,0.3,0.7,0.3,2,,
Craig Sword,28,3,0,6.3,1,1.3,0.75,0,0.3,0,1,1,1,0.75,0,0,,0,0,0,0.3,1.3,0,0.3,2.3,2,,
JT Thor,19,33,0,7.9,0.7,1.7,0.436,0.2,0.8,0.259,0.5,0.8,0.607,0.5,0.4,0.6,0.6,0.3,1,1.3,0.6,0.2,0.3,0.3,0.8,2,,
Cassius Winston,23,7,0,5.6,0.6,1.6,0.364,0.3,0.9,0.333,0.3,0.7,0.4,0.455,0.6,0.6,1,0,0.1,0.1,1,0,0,0.4,1.3,2,,
Marko Simonovic,22,9,0,3.9,0.4,1.7,0.267,0.1,0.6,0.2,0.3,1.1,0.3,0.3,0.9,1.2,0.727,0.6,0.6,1.1,0,0.1,0.1,0.2,0.7,1.9,,
Alize Johnson,25,23,0,7.3,0.7,1.7,0.436,0,0.2,0,0.7,1.5,0.486,0.436,0.3,0.5,0.583,1.2,1.4,2.7,0.4,0.2,0,0.5,0.8,1.8,,
Alize Johnson,25,16,0,7.6,0.8,1.4,0.522,0,0.1,0,0.8,1.3,0.571,0.522,0.3,0.4,0.571,1,1.3,2.3,0.5,0.2,0,0.5,0.9,1.8,,
Alize Johnson,25,3,0,6,0.7,2,0.333,0,0.7,0,0.7,1.3,0.5,0.333,0,0.3,0,1.7,2.3,4,0,0,0,1,0,1.3,,
Alize Johnson,25,4,0,7,0.8,2.5,0.3,0,0,,0.8,2.5,0.3,0.3,0.8,1,0.75,1.8,1.5,3.3,0.3,0.5,0,0.3,0.8,2.3,,
Eugene Omoruyi,24,4,0,4.5,0.5,1.3,0.4,0.3,0.5,0.5,0.3,0.8,0.333,0.5,0.5,1,0.5,0.5,1.3,1.8,0.5,0,0,0,0.5,1.8,,
Brodric Thomas,25,12,0,5,0.7,1.5,0.444,0.2,0.8,0.222,0.5,0.8,0.667,0.5,0.3,0.4,0.6,0.2,0.7,0.8,0.9,0.1,0.1,0.5,0.6,1.8,,
Willie Cauley-Stein,28,20,2,9.2,0.8,1.8,0.457,0.1,0.1,0.5,0.8,1.7,0.455,0.471,0.1,0.1,0.5,0.7,1.4,2,0.5,0.3,0.2,0.4,1,1.7,,
Willie Cauley-Stein,28,18,2,9.8,0.9,1.9,0.457,0.1,0.1,0.5,0.8,1.8,0.455,0.471,0.1,0.1,0.5,0.7,1.4,2.1,0.5,0.3,0.2,0.4,0.9,1.9,,
Willie Cauley-Stein,28,2,0,3,0,0,,0,0,,0,0,,,0,0,,0,1,1,0.5,0,0,0,1,0,,
Wayne Selden,27,3,0,6.3,0.3,1.3,0.25,0.3,0.7,0.5,0,0.7,0,0.375,0.7,1.3,0.5,0,0.3,0.3,0.3,0,0,0,0.3,1.7,,
Isaiah Todd,20,12,0,6.2,0.6,2.2,0.269,0.3,1.3,0.25,0.3,0.8,0.3,0.346,0.2,0.5,0.333,0.3,0.8,1,0.3,0.3,0.2,0.3,0.3,1.7,,
Ryan Arcidiacono,27,10,0,7.6,0.6,1.2,0.5,0.4,0.9,0.444,0.2,0.3,0.667,0.667,0,0,,0,0.8,0.8,0.4,0.1,0,0.3,0.5,1.6,,
Kevin Pangos,29,24,3,6.9,0.6,1.9,0.326,0.3,1.1,0.231,0.4,0.8,0.45,0.391,0.1,0.2,0.75,0.1,0.4,0.5,1.3,0.1,0,0.3,0.5,1.6,,
Rob Edwards,25,2,0,5.5,0.5,2,0.25,0.5,2,0.25,0,0,,0.375,0,0,,0,1.5,1.5,0,0,0,0.5,0,1.5,,
Emmanuel Mudiay,25,2,0,5.5,0,1,0,0,0,,0,1,0,0,1.5,2,0.75,0,0,0,2,0.5,0,0.5,0.5,1.5,,
Malik Fitts,24,15,0,4.2,0.5,1.3,0.421,0.3,0.7,0.5,0.2,0.6,0.333,0.553,0,0,,0.1,1,1.1,0.3,0,0,0.1,0.3,1.4,,
Malik Fitts,24,7,0,5,0.3,1.3,0.222,0.3,0.6,0.5,0,0.7,0,0.333,0,0,,0,1.4,1.4,0,0,0,0.3,0.4,0.9,,
Malik Fitts,24,8,0,3.5,0.8,1.3,0.6,0.4,0.8,0.5,0.4,0.5,0.75,0.75,0,0,,0.3,0.6,0.9,0.6,0,0,0,0.1,1.9,,
Charlie Brown Jr.,24,22,2,8,0.5,1.8,0.256,0,0.5,0.083,0.4,1.2,0.333,0.269,0.4,0.5,0.9,0.6,0.8,1.5,0.3,0.5,0.2,0.2,0.8,1.4,,
Charlie Brown Jr.,24,3,0,5,0.3,1.7,0.2,0,1,0,0.3,0.7,0.5,0.2,0,0,,0,0.3,0.3,0.3,0.7,0.3,0,0.7,0.7,,
Charlie Brown Jr.,24,19,2,8.5,0.5,1.8,0.265,0.1,0.5,0.111,0.4,1.3,0.32,0.279,0.5,0.5,0.9,0.7,0.9,1.6,0.3,0.4,0.2,0.3,0.8,1.5,,
Leandro Bolmaro,21,35,2,6.9,0.5,1.5,0.315,0.1,0.5,0.278,0.3,1,0.333,0.361,0.3,0.4,0.846,0.5,0.8,1.2,0.6,0.2,0,0.4,0.7,1.4,,
Moses Wright,23,4,0,3.5,0.3,1,0.25,0,0.3,0,0.3,0.8,0.333,0.25,0.8,0.8,1,0.3,0.5,0.8,0.5,0,0.3,0,0,1.3,,
Moses Wright,23,1,0,1,0,0,,0,0,,0,0,,,0,0,,0,0,0,1,0,0,0,0,0,,
Moses Wright,23,3,0,4.3,0.3,1.3,0.25,0,0.3,0,0.3,1,0.333,0.25,1,1,1,0.3,0.7,1,0.3,0,0.3,0,0,1.7,,
Darren Collison,34,3,0,12.3,0.7,2.3,0.286,0,1,0,0.7,1.3,0.5,0.286,0,0,,0,1.3,1.3,0.7,0.3,0,0.3,1.7,1.3,,
Jordan Schakel,23,4,0,7.5,0.3,2.8,0.091,0.3,1.5,0.167,0,1.3,0,0.136,0.5,0.5,1,0.5,1.5,2,0,0.3,0,0.3,0,1.3,,
Myles Powell,24,11,0,4.7,0.5,1.5,0.294,0.1,0.5,0.167,0.4,1,0.364,0.324,0.2,0.2,1,0.1,0.5,0.5,0.3,0.1,0,0.3,0.7,1.2,,
Petr Cornelie,26,13,0,2.9,0.4,1.2,0.333,0.1,0.6,0.125,0.3,0.5,0.571,0.367,0.2,0.3,0.75,0.5,0.5,1.1,0.2,0.1,0.1,0.3,0.5,1.1,,
Tacko Fall,26,11,1,5.4,0.5,1.1,0.417,0,0,,0.5,1.1,0.417,0.417,0.2,0.6,0.286,0.6,1.5,2.1,0.2,0,0.5,0.3,0.3,1.1,,
Marcus Garrett,23,12,0,10.7,0.4,1.8,0.238,0.1,0.3,0.25,0.3,1.4,0.235,0.262,0.2,0.4,0.4,0.8,1.2,1.9,0.6,0.4,0.3,0.2,1.3,1.1,,
RJ Nembhard Jr.,22,14,0,4.5,0.4,1.3,0.333,0,0.1,0,0.4,1.1,0.375,0.333,0.2,0.3,0.75,0.2,0.3,0.5,0.9,0.1,0,0.2,0.1,1.1,,
Yves Pons,22,12,0,5.9,0.4,1.3,0.313,0.3,0.8,0.333,0.2,0.6,0.286,0.406,0,0.2,0,0.4,0.6,1,0.1,0.1,0.3,0.1,0.5,1.1,,
Shaq Buchanan,25,2,0,5,0.5,2,0.25,0,1,0,0.5,1,0.5,0.25,0,0,,0.5,0.5,1,1,0.5,0,1,0.5,1,,
Kai Jones,21,21,0,3,0.4,0.7,0.643,0,0.1,0.5,0.4,0.6,0.667,0.679,0.1,0.4,0.375,0.1,0.4,0.5,0.2,0,0.1,0.3,0.4,1,,
Dakota Mathias,26,6,0,2.7,0.3,1,0.333,0.3,1,0.333,0,0,,0.5,0,0,,0,0.3,0.3,0.2,0.2,0,0,0.2,1,,
Deividas Sirvydis,21,3,0,9,0.3,3.3,0.1,0.3,2.3,0.143,0,1,0,0.15,0,0,,0,2,2,0.3,1,0.3,0,1.3,1,,
Jaden Springer,19,2,0,3,0.5,0.5,1,0,0,,0.5,0.5,1,1,0,0,,0.5,0.5,1,0,0,1,0.5,0,1,,
Tyrell Terry,21,2,0,1.5,0.5,0.5,1,0,0,,0.5,0.5,1,1,0,0,,0,0,0,0,0,0,0,0.5,1,,
McKinley Wright IV,23,5,0,3.8,0.4,0.6,0.667,0.2,0.4,0.5,0.2,0.2,1,0.833,0,0,,0,0,0,0.6,0,0,0.2,0.2,1,,
Ed Davis,32,31,3,6.5,0.4,0.5,0.688,0,0,,0.4,0.5,0.688,0.688,0.2,0.5,0.429,0.5,1.6,2.1,0.2,0.1,0.3,0.2,1.1,0.9,,
Carlik Jones,24,5,0,4.6,0.2,1.8,0.111,0,0.2,0,0.2,1.6,0.125,0.111,0.4,0.4,1,0.2,0.4,0.6,1,0.2,0,0.6,0,0.8,,
Carlik Jones,24,3,0,6.3,0,2.3,0,0,0.3,0,0,2,0,0,0.7,0.7,1,0.3,0.7,1,1.7,0.3,0,1,0,0.7,,
Carlik Jones,24,2,0,2,0.5,1,0.5,0,0,,0.5,1,0.5,0.5,0,0,,0,0,0,0,0,0,0,0,1,,
Isaac Bonga,22,15,0,4.6,0.2,0.9,0.231,0.1,0.3,0.25,0.1,0.6,0.222,0.269,0.3,0.5,0.625,0.3,0.2,0.5,0.3,0.5,0.1,0.1,0.7,0.8,,
Jarron Cumberland,24,3,0,4,0.3,0.7,0.5,0,0.3,0,0.3,0.3,1,0.5,0,0,,0.3,0.7,1,0.3,0,0,0,0.7,0.7,,
Chandler Hutchison,25,6,0,3.7,0.2,0.3,0.5,0,0,,0.2,0.3,0.5,0.5,0.3,0.3,1,0,0.8,0.8,0.3,0,0,0.7,0.2,0.7,,
DaQuan Jeffries,24,3,0,3,0.3,0.7,0.5,0,0.3,0,0.3,0.3,1,0.5,0,0,,0,0.7,0.7,0.3,0,0,0,0.3,0.7,,
Jaylen Morris,26,3,0,5.3,0,2,0,0,0.7,0,0,1.3,0,0,0.7,1.3,0.5,0,0.7,0.7,0.7,0,0,0.3,0.7,0.7,,
Xavier Sneed,24,9,0,4.3,0.2,1.1,0.2,0.1,0.9,0.125,0.1,0.2,0.5,0.25,0,0,,0.2,0.4,0.7,0.1,0,0,0,0.2,0.6,,
Xavier Sneed,24,2,0,4,0,1,0,0,1,0,0,0,,0,0,0,,0.5,0.5,1,0,0,0,0,1,0,,
Xavier Sneed,24,7,0,4.4,0.3,1.1,0.25,0.1,0.9,0.167,0.1,0.3,0.5,0.313,0,0,,0.1,0.4,0.6,0.1,0,0,0,0,0.7,,
Solomon Hill,30,13,1,10.7,0.2,1.5,0.15,0.2,1,0.154,0.1,0.5,0.143,0.2,0,0,,0.5,1.3,1.8,0.9,0.3,0.2,0.1,1.2,0.6,,
Robert Woodard II,22,12,0,3.5,0.2,1.3,0.125,0.1,0.3,0.25,0.1,1,0.083,0.156,0.2,0.2,1,0.4,0.5,0.9,0.3,0.1,0.1,0.1,0.3,0.6,,
Sharife Cooper,20,13,0,3,0.2,1.1,0.214,0.1,0.5,0.167,0.2,0.6,0.25,0.25,0,0,,0,0.4,0.4,0.4,0,0,0.4,0.1,0.5,,
Scottie Lewis,21,2,0,3.5,0,0,,0,0,,0,0,,,0.5,1,0.5,0,0,0,0.5,0.5,0,0,0,0.5,,
Joel Ayayi,21,7,0,2.9,0.1,0.9,0.167,0,0.1,0,0.1,0.7,0.2,0.167,0,0,,0.1,0.3,0.4,0.6,0,0,0,0,0.3,,
Aaron Henry,22,6,0,2.8,0.2,0.8,0.2,0,0.2,0,0.2,0.7,0.25,0.2,0,0,,0,0.2,0.2,0,0,0.3,0.3,0.3,0.3,,
George King,28,4,0,4.8,0,1.3,0,0,1,0,0,0.3,0,0,0.3,0.5,0.5,0,1.3,1.3,0,0,0,0.3,1,0.3,,
Miye Oni,24,16,0,2.8,0.1,0.6,0.222,0.1,0.5,0.125,0.1,0.1,1,0.278,0,0.1,0,0.1,0.4,0.4,0.3,0,0,0.1,0.4,0.3,,
Cat Barber,27,3,0,4.3,0,1.3,0,0,0,,0,1.3,0,0,0,1.3,0,0.3,0.7,1,1,0,0,0.3,0.3,0,,
Jordan Bell,27,1,0,2,0,0,,0,0,,0,0,,,0,0,,1,0,1,0,1,0,0,2,0,,
Zylan Cheatham,26,1,0,5,0,3,0,0,2,0,0,1,0,0,0,0,,0,0,0,0,0,0,0,0,0,,
Sam Dekker,27,1,0,1,0,0,,0,0,,0,0,,,0,0,,0,0,0,0,0,0,0,0,0,,
Javin DeLaurier,23,1,0,3,0,0,,0,0,,0,0,,,0,0,,0,1,1,0,1,0,0,1,0,,
Jaime Echenique,24,1,0,3,0,0,,0,0,,0,0,,,0,0,,0,0,0,0,0,0,0,0,0,,
Jordan Goodwin,23,2,0,3,0,1.5,0,0,0.5,0,0,1,0,0,0,0,,0,0.5,0.5,0,0,0,0,0.5,0,,
Tyler Hall,24,1,0,2,0,0,,0,0,,0,0,,,0,0,,0,0,0,0,0,0,0,0,0,,
Nate Hinton,22,2,0,1,0,0.5,0,0,0,,0,0.5,0,0,0,0,,0,0,0,0,0,0,0.5,0,0,,
Jay Huff,23,4,0,5,0,0.8,0,0,0.5,0,0,0.3,0,0,0,0,,0.3,0.8,1,0.3,0.3,0.3,0.3,0.3,0,,
Feron Hunt,22,2,0,4,0,1,0,0,0,,0,1,0,0,0,0,,0.5,0,0.5,0.5,0.5,0,0.5,0.5,0,,
DeJon Jarreau,24,1,0,1,0,0,,0,0,,0,0,,,0,0,,0,0,0,0,0,0,0,0,0,,
David Johnson,20,2,0,1,0,0.5,0,0,0.5,0,0,0,,0,0,0,,0,0,0,0,0,0,0,0,0,,
Arnoldas Kulboka,24,2,0,2.5,0,0.5,0,0,0.5,0,0,0,,0,0,0,,0,0,0,0,0,0,0,0.5,0,,
Anthony Lamb,24,2,0,4,0,1,0,0,1,0,0,0,,0,0,0,,0,0.5,0.5,1,0,0,0,0,0,,
JaQuori McLaughlin,24,4,0,2.8,0,0.5,0,0,0.3,0,0,0.3,0,0,0,0,,0,0,0,0.5,0,0,0,0.3,0,,
C.J. Miles,34,1,0,2,0,0,,0,0,,0,0,,,0,0,,0,0,0,0,0,0,0,1,0,,
Matt Mooney,25,1,0,2,0,1,0,0,1,0,0,0,,0,0,0,,0,0,0,0,1,0,1,0,0,,
Ade Murkey,24,1,0,1,0,0,,0,0,,0,0,,,0,0,,0,0,0,0,0,0,0,0,0,,
Jaysean Paige,27,1,0,7,0,3,0,0,2,0,0,1,0,0,0,0,,0,1,1,1,0,0,1,2,0,,
Trayvon Palmer,27,1,0,17,0,1,0,0,0,,0,1,0,0,0,0,,0,2,2,0,0,0,1,2,0,,
Emanuel Terry,25,3,0,6,0,1.7,0,0,0,,0,1.7,0,0,0,0,,2.7,2.3,5,0.7,0.3,0,1.7,1.3,0,,
Jon Teske,24,3,0,2.7,0,0.3,0,0,0,,0,0.3,0,0,0,0.7,0,0,0.7,0.7,0.3,0.3,0,0,0.3,0,,
M.J. Walker,23,2,0,4,0,2,0,0,1,0,0,1,0,0,0,0,,0,0.5,0.5,0.5,1,0,0,0.5,0,,
,,,,,,,,,,,,,,,,,,,,,,,,,,,,