Player,Age,Team,Pos,G,GS,MP,PER,TS%,3PAr,FTr,ORB%,DRB%,TRB%,AST%,STL%,BLK%,TOV%,USG%,OWS,DWS,WS,WS/48,OBPM,DBPM,BPM,VORP
LeBron James,33,CLE,PF,82,82,3026,28.6,0.621,0.257,0.336,3.7,22.3,13.1,44.4,1.9,2,16.1,31.6,11,3,14,0.221,7.3,1.4,8.7,8.2
Khris Middleton,26,MIL,SF,82,82,2982,17.4,0.577,0.32,0.285,1.8,15,8.4,17.7,2,0.6,11.8,24.6,4.6,2.3,6.9,0.111,0.8,-0.8,0,1.5
Andrew Wiggins,22,MIN,SF,82,82,2979,13,0.505,0.26,0.242,3.1,10.8,6.9,8.2,1.5,1.5,8.8,23.4,0.5,1.6,2.1,0.033,-0.8,-1.7,-2.4,-0.3
Bradley Beal,24,WAS,SG,82,82,2977,18.4,0.564,0.357,0.249,2.3,11.5,6.9,21,1.6,1.1,11.5,27.6,4.4,2.5,6.9,0.111,2.9,-0.7,2.2,3.1
Jrue Holiday,27,NOP,SG,81,81,2927,17.8,0.57,0.286,0.191,2.4,10.8,6.8,24.9,2,1.7,13.6,23.1,4.2,2.9,7.1,0.116,1.3,0.3,1.6,2.7
CJ McCollum,26,POR,SG,81,81,2923,16.9,0.536,0.316,0.166,2,9.9,6,15.8,1.3,1,8.6,26.5,3.7,2.9,6.6,0.108,1.8,-0.5,1.2,2.4
Karl-Anthony Towns,22,MIN,C,82,82,2918,24.9,0.646,0.243,0.343,9.3,30.9,20,10.8,1.1,3.5,10.5,22.9,10.6,3.4,14,0.23,4.9,0.2,5.1,5.2
Russell Westbrook,29,OKC,PG,80,80,2914,24.7,0.524,0.193,0.336,5.6,25.7,15.3,49.8,2.5,0.6,16.4,34.1,5.5,4.5,10.1,0.166,4.8,1.5,6.3,6.1
Paul George,27,OKC,SF,79,79,2891,18.7,0.57,0.454,0.307,2.7,14.9,8.6,14.5,2.8,1.2,12.2,25.7,5,3.9,8.9,0.147,2.3,0.6,2.9,3.6
Giannis Antetokounmpo,23,MIL,PF,75,75,2756,27.3,0.598,0.1,0.457,6.7,25.3,16,23.7,2,3.3,11.7,31.2,8.3,3.6,11.9,0.207,5.3,0.9,6.2,5.7
Kemba Walker,27,CHO,PG,80,80,2736,20.6,0.572,0.441,0.308,1.2,8.7,4.9,27.4,1.6,0.7,10.4,27.4,6.5,2,8.6,0.15,4.7,-0.7,4,4.2
Ben Simmons,21,PHI,PG,81,81,2732,20,0.557,0.011,0.342,5.9,19.5,13,37.4,2.5,2.1,19.5,22.3,4.2,5,9.2,0.162,2,2.5,4.5,4.5
Anthony Davis,24,NOP,PF,75,75,2727,28.9,0.612,0.111,0.409,7.7,24.8,16.5,10.8,2,5.6,8.6,30,8.8,4.9,13.7,0.241,5.3,1.4,6.7,5.9
Taj Gibson,32,MIN,PF,82,82,2726,15.4,0.61,0.047,0.251,8.1,16.7,12.4,5.2,1.1,1.9,9.8,14.7,5.4,1.7,7.2,0.126,0.1,-0.7,-0.5,1
DeMar DeRozan,28,TOR,SG,80,80,2711,21,0.555,0.203,0.396,2.5,10.4,6.5,25,1.5,0.6,9.5,29.6,6.8,2.8,9.6,0.17,3.3,-0.6,2.8,3.2
Josh Richardson,24,MIA,SF,81,81,2689,13.6,0.551,0.38,0.16,2.9,9,6,13.2,2.3,2.4,12.9,18.2,1.8,3.5,5.4,0.096,-0.6,1.3,0.7,1.8
Will Barton,27,DEN,SG,81,40,2683,16.2,0.562,0.411,0.22,3,14.2,8.6,18.5,1.5,1.6,11.7,20.7,4.4,1.8,6.2,0.111,1.6,-0.4,1.1,2.1
Damian Lillard,27,POR,PG,73,73,2670,25.2,0.594,0.445,0.38,2.6,10.6,6.6,30.9,1.4,0.8,11.1,30.6,9.9,2.7,12.6,0.227,7,0.3,7.2,6.3
Tobias Harris,25,2TM,PF,80,80,2668,17.1,0.565,0.364,0.177,2.4,15.7,9,11.8,1.3,1.1,7.4,23.3,4.2,2.5,6.7,0.12,2.3,-0.4,1.9,2.6
Tobias Harris,25,DET,PF,48,48,1563,16.7,0.564,0.389,0.192,2.5,15,8.6,9.9,1.1,0.9,6.2,23.2,2.6,1.5,4.1,0.125,2.2,-0.5,1.7,1.5
Tobias Harris,25,LAC,PF,32,32,1105,17.7,0.565,0.33,0.156,2.2,16.8,9.6,14.3,1.6,1.5,9,23.5,1.6,1,2.6,0.112,2.3,-0.2,2.1,1.2
Donovan Mitchell,21,UTA,SG,79,71,2638,16.7,0.541,0.404,0.218,2.3,10.4,6.4,19.4,2.2,0.9,12.6,29.1,1.4,3.8,5.2,0.095,0.9,0.3,1.2,2.2
Harrison Barnes,25,DAL,PF,77,77,2634,15.8,0.539,0.276,0.259,3.1,17.1,9.9,9.9,0.9,0.5,8.1,25.2,2,1.9,3.8,0.07,0.8,-1.3,-0.5,1
Andre Drummond,24,DET,C,78,78,2625,22.9,0.555,0.012,0.448,16.4,36.4,26.2,14.3,2.2,4.3,15.9,21.2,4.6,5.7,10.3,0.188,1.5,1.7,3.2,3.4
Thaddeus Young,29,IND,PF,81,81,2607,14.8,0.528,0.209,0.106,8,14.1,11.1,8.5,2.6,1.2,10.4,17.3,2.3,3.2,5.5,0.101,-0.2,0.4,0.2,1.4
Lou Williams,31,LAC,SG,79,19,2589,20.2,0.574,0.387,0.367,1.7,6.6,4.2,26.3,1.6,0.6,13.1,29.8,5.5,1.2,6.7,0.125,4.2,-1.8,2.3,2.8
E'Twaun Moore,28,NOP,SG,82,80,2586,12.1,0.593,0.362,0.082,2.5,7.3,5,10.1,1.5,0.4,10.6,16.1,2.7,1.6,4.4,0.081,-1,-0.5,-1.6,0.3
Joe Ingles,30,UTA,SF,82,81,2578,14.4,0.623,0.646,0.116,1.1,13.9,7.6,22.9,1.8,0.7,17.4,15.9,4,3.6,7.6,0.141,1,1.3,2.3,2.8
Jamal Murray,20,DEN,PG,81,80,2565,16.1,0.576,0.411,0.238,3.6,9.4,6.5,16.4,1.5,0.9,12.8,22.8,4.3,1.2,5.5,0.103,1.2,-1.5,-0.3,1.1
Victor Oladipo,25,IND,SG,75,75,2552,23.1,0.577,0.323,0.274,2.1,15.1,8.6,21.2,3.5,2,12.7,30.1,4.3,4,8.2,0.155,4.1,1.7,5.8,5
James Harden,28,HOU,SG,72,72,2551,29.8,0.619,0.498,0.502,1.8,15.2,8.6,45.1,2.4,1.7,15.1,36.1,11.6,3.8,15.4,0.289,8.5,1.4,9.9,7.7
Robert Covington,27,PHI,SF,80,80,2532,12.9,0.563,0.658,0.163,2.4,15.5,9.2,8.7,2.6,2.4,12.3,17.2,1.6,4.5,6.1,0.116,-0.2,1.7,1.5,2.3
Kyle Lowry,31,TOR,PG,78,78,2510,19.5,0.598,0.631,0.276,3,16.1,9.7,30.9,1.7,0.6,14.7,21.7,7,3.1,10.2,0.194,4.7,0.5,5.2,4.5
LaMarcus Aldridge,32,SAS,C,75,75,2509,25,0.57,0.068,0.296,10.8,17.3,14,11.3,0.9,3,6.8,29.1,7.4,3.6,10.9,0.209,4.3,-0.4,3.9,3.7
Klay Thompson,27,GSW,SG,73,73,2506,16,0.598,0.442,0.083,1.5,10.3,6.2,11.2,1.1,1.1,9.5,23.7,3.1,1.8,4.9,0.094,1.7,-2.1,-0.4,1
Carmelo Anthony,33,OKC,PF,78,78,2501,12.7,0.503,0.406,0.165,2.9,17.7,10,6.5,0.9,1.8,7.3,23.2,1.2,2.5,3.7,0.071,-0.6,-1.3,-1.9,0
Steven Adams,24,OKC,C,76,76,2487,20.6,0.63,0.003,0.402,16.6,13.9,15.3,5.5,1.8,2.8,13.3,16.7,6.7,3,9.7,0.187,1.7,-0.6,1.1,2
Taurean Prince,23,ATL,SF,82,82,2464,12.8,0.549,0.469,0.185,2.3,15.3,8.8,13.9,1.7,1.5,15.3,22.1,0,2,2,0.038,-0.5,-0.6,-1.1,0.6
Bojan Bogdanović,28,IND,SF,80,80,2464,13.9,0.605,0.453,0.241,1.4,10.9,6.2,7.1,1.1,0.3,10.1,19,3.8,1.6,5.4,0.105,0.5,-1.2,-0.7,0.8
Dwight Howard,32,CHO,C,81,81,2463,20.5,0.577,0.008,0.639,11,33.8,22.2,7.1,1,4.4,15.1,24.2,2.9,3.9,6.8,0.132,-0.3,0.1,-0.1,1.2
Kentavious Caldwell-Pope,24,LAL,SG,74,74,2458,13.2,0.561,0.52,0.243,2.6,14.1,8.4,9.4,2.1,0.5,9.9,16.9,2.6,2.7,5.3,0.103,-0.4,0.6,0.3,1.4
Jayson Tatum,19,BOS,SF,80,80,2443,15.2,0.586,0.29,0.309,2.3,15.6,9,8.3,1.7,2,10.7,19.4,3,4,7.1,0.139,0,1.2,1.2,2
Nikola Jokić,22,DEN,C,75,73,2443,24.4,0.603,0.277,0.31,9,27.9,18.5,29.6,1.8,2.1,15.5,24.2,7.8,2.9,10.7,0.211,5.3,1.6,6.9,5.5
Otto Porter Jr.,24,WAS,SF,77,77,2432,18.3,0.602,0.354,0.145,4.8,18.1,11.4,10.1,2.4,1.5,7.4,18.4,5,3.1,8.1,0.161,2.6,1,3.5,3.4
DeAndre Jordan,29,LAC,C,77,77,2424,20.2,0.648,0,0.54,15.1,37.6,26.5,7.1,0.8,2.4,16.1,15.2,6,3.4,9.4,0.186,1.7,-0.3,1.4,2.1
Marc Gasol,33,MEM,C,73,73,2408,17.4,0.532,0.31,0.326,3.7,25.3,14.2,21.7,1.1,3.9,14.1,25.6,1.5,2.6,4,0.08,1.7,0.6,2.3,2.7
Kyle Kuzma,22,LAL,PF,77,37,2401,14.2,0.549,0.418,0.2,3.9,17.4,10.7,9.1,1,1.1,11,22.5,1.5,2.3,3.8,0.077,0.3,-1,-0.7,0.8
Goran Dragić,31,MIA,PG,75,75,2378,16.6,0.543,0.279,0.252,2.5,11.9,7.2,25.4,1.3,0.4,12.2,25.7,2.9,2.3,5.3,0.106,0.9,-0.6,0.3,1.4
Dillon Brooks,22,MEM,SF,82,74,2350,9.8,0.531,0.342,0.215,2.4,10.5,6.3,9.3,1.6,0.7,12.8,18.5,0.1,1.1,1.2,0.025,-2.9,-1.1,-4,-1.2
Wilson Chandler,30,DEN,SF,74,71,2346,10.9,0.542,0.39,0.181,4.9,14.1,9.6,9.4,0.9,1.4,11.9,14.3,2.1,1.2,3.3,0.067,-1,-1.1,-2.1,-0.1
Kevin Durant,29,GSW,SF,68,68,2325,26,0.64,0.338,0.331,1.6,19.5,11.2,25.5,1,4,12.9,30.4,7.5,2.9,10.4,0.215,6.7,0.6,7.3,5.5
Eric Bledsoe,28,2TM,PG,74,74,2322,19.7,0.582,0.364,0.321,2.6,11.7,7.1,25.7,3.2,1.5,16.1,26.1,3.1,2.5,5.6,0.116,2.3,0.3,2.5,2.6
Eric Bledsoe,28,PHO,PG,3,3,83,13,0.509,0.325,0.35,3.8,5.2,4.5,17.9,2.3,1.9,17.8,28.7,-0.1,0,0,-0.029,-0.7,-2.4,-3.2,0
Eric Bledsoe,28,MIL,PG,71,71,2239,20,0.585,0.366,0.319,2.5,11.9,7.2,26,3.2,1.5,16,26,3.2,2.4,5.7,0.121,2.4,0.4,2.8,2.7
Jeff Teague,29,MIN,PG,70,70,2311,16.4,0.553,0.287,0.301,1.2,9.3,5.2,30.6,2.2,0.9,16.4,20.6,3.4,1.4,4.9,0.101,1.1,-0.7,0.4,1.4
Dario Šarić,23,PHI,PF,78,73,2310,15.8,0.582,0.448,0.233,7.5,16.4,12.1,13,1.1,0.7,13.1,20.9,3.8,2.8,6.6,0.137,1.8,-0.5,1.3,1.9
Courtney Lee,32,NYK,SG,76,69,2310,13,0.564,0.368,0.164,1.4,9.3,5.4,11.3,1.7,0.6,9.4,16.9,2.7,1.2,3.9,0.082,-0.1,-0.2,-0.3,1
Spencer Dinwiddie,24,BRK,PG,80,58,2306,15.9,0.527,0.517,0.32,1.8,10.2,6,35,1.4,0.7,11.8,20.3,4.3,1.4,5.7,0.118,1.3,-0.7,0.6,1.5
Gary Harris,23,DEN,SG,67,65,2304,16.5,0.597,0.434,0.178,1.8,6.8,4.3,13,2.6,0.5,10.8,20.8,3.9,1.5,5.5,0.114,1,-0.2,0.8,1.7
Draymond Green,27,GSW,PF,70,70,2287,16.1,0.556,0.414,0.279,3.9,21.1,13.1,29,2,3.1,22.5,17.2,2.6,3.4,6.1,0.127,0.9,1.9,2.8,2.8
Yogi Ferrell,24,DAL,SG,82,21,2282,11.4,0.54,0.492,0.141,1.2,11.2,6.1,13.5,1.4,0.4,9.1,17,1.5,1.5,3,0.064,-1.3,0,-1.4,0.4
P.J. Tucker,32,HOU,PF,82,34,2281,8.3,0.537,0.703,0.136,4.6,17.8,11.3,4.6,1.7,1,13.7,10.5,1,3,3.9,0.082,-1.9,0.8,-1.1,0.5
Al Horford,31,BOS,C,72,72,2277,17.6,0.575,0.3,0.159,5,20.2,12.7,23.6,0.9,2.9,14.1,18.4,4,3.8,7.8,0.165,2.4,2,4.4,3.7
Trevor Ariza,32,HOU,SF,67,67,2269,11.8,0.567,0.71,0.137,1.7,12.9,7.3,6.8,2.1,0.5,7,14.4,2.6,2.8,5.3,0.113,0,0.7,0.7,1.5
Justin Holiday,28,CHI,SG,72,72,2265,10.8,0.513,0.574,0.21,1.4,12.8,6.9,10.1,1.7,1.2,9.8,18.2,0.1,1.6,1.7,0.036,-1.6,-0.3,-1.9,0
Ricky Rubio,27,UTA,PG,77,77,2254,15.4,0.537,0.33,0.307,2.2,15.3,8.8,28.4,2.7,0.4,18.1,22.9,1.5,3.8,5.3,0.112,-0.7,1.5,0.7,1.6
J.R. Smith,32,CLE,SG,80,61,2244,8.4,0.534,0.64,0.094,1.5,10.1,5.9,8.6,1.5,0.4,11.6,13.8,0.6,0.9,1.4,0.031,-2.1,-0.9,-3,-0.6
Kelly Oubre Jr.,22,WAS,SF,81,11,2231,11.9,0.534,0.467,0.295,3,15.4,9.2,6.4,1.8,1.4,9.2,19.4,1.4,2.3,3.7,0.08,-1.6,-0.1,-1.7,0.2
Cory Joseph,26,IND,PG,82,17,2210,11,0.503,0.315,0.156,2,11.4,6.7,16.1,1.8,0.7,11.9,14.8,1.2,2,3.1,0.068,-1.8,0.3,-1.5,0.3
Allen Crabbe,25,BRK,SG,75,68,2197,12.3,0.558,0.643,0.163,1.3,14.4,7.8,8.4,1,1.2,8.1,19,1.8,1.4,3.2,0.07,0,-0.7,-0.7,0.7
Julius Randle,23,LAL,C,82,49,2190,19.9,0.606,0.05,0.47,8.9,22.8,15.9,15.8,0.9,1.7,16.3,25.3,4,2.6,6.6,0.145,0.6,0,0.6,1.4
DeMarre Carroll,31,BRK,PF,73,73,2180,14.3,0.55,0.498,0.313,5.1,18.4,11.7,10.5,1.3,1,10.3,19.8,2.3,1.8,4.1,0.091,0.5,-0.4,0.2,1.2
Bogdan Bogdanović,25,SAC,SG,78,52,2175,13.5,0.556,0.426,0.154,1.6,10.5,5.8,18.3,1.7,0.7,13.2,19.6,1.8,1.1,2.9,0.064,-0.6,-0.9,-1.5,0.3
Jimmy Butler,28,MIN,SG,59,59,2164,23.7,0.59,0.217,0.461,4.2,12.7,8.4,20.6,2.7,1,8.9,24.9,7.1,1.8,8.9,0.198,5,0.7,5.8,4.2
Eric Gordon,29,HOU,SG,69,30,2154,15.2,0.578,0.627,0.248,1.3,7.5,4.4,11.7,1,1.1,10.8,24.7,2.9,1.8,4.7,0.105,2,-1.6,0.4,1.3
Derrick Favors,26,UTA,C,77,77,2153,18.8,0.593,0.09,0.306,10.6,18.5,14.6,7.8,1.3,3.2,9.9,18.5,4.5,3.5,8,0.179,0.9,0.7,1.5,1.9
Jaylen Brown,21,BOS,SG,70,70,2152,13.6,0.562,0.381,0.29,3.4,14,8.8,8.5,1.6,1,12,21.4,1.2,3.2,4.5,0.1,-0.8,0.3,-0.5,0.8
T.J. Warren,24,PHO,SF,65,65,2142,17.6,0.541,0.085,0.24,6.1,10.5,8.3,7.2,1.5,1.5,6.7,24.9,2.6,0.8,3.4,0.077,0.8,-1.6,-0.7,0.7
Wesley Matthews,31,DAL,SF,63,63,2131,11.4,0.541,0.577,0.145,1.4,9.2,5.2,12.3,1.8,0.7,10.1,17.6,1,1.6,2.6,0.059,-1,0.1,-0.9,0.6
JJ Redick,33,PHI,SG,70,70,2116,15.9,0.614,0.523,0.248,0.5,8.3,4.5,15.1,0.8,0.2,9.6,21.7,4.8,1.8,6.6,0.15,2.2,-1.1,1.1,1.7
Patty Mills,29,SAS,PG,82,36,2107,11.8,0.558,0.607,0.173,1.4,6.8,4.1,16,1.3,0.4,12.6,17.8,2,2.1,4.1,0.093,-0.6,-0.4,-1,0.5
Denzel Valentine,24,CHI,SG,77,37,2095,12.1,0.527,0.513,0.071,2.4,18.3,10.1,17.8,1.5,0.5,11.8,17.5,1,1.5,2.5,0.057,-1,0,-1,0.5
Serge Ibaka,28,TOR,PF,76,76,2093,14.7,0.574,0.379,0.151,4.3,21,12.8,4.4,0.7,3.8,9.7,19.4,2.1,3,5.1,0.117,-0.1,0,-0.1,1
Jae Crowder,27,2TM,SF,80,47,2090,10.4,0.525,0.508,0.221,3.2,11.5,7.4,6.9,1.5,0.9,9.1,17.3,1,1.6,2.6,0.06,-1.9,-0.6,-2.5,-0.3
Jae Crowder,27,CLE,SF,53,47,1346,10.2,0.545,0.503,0.245,3.5,10.8,7.2,6,1.5,0.8,9.2,15.1,1.1,0.6,1.7,0.059,-1.9,-1,-3,-0.3
Jae Crowder,27,UTA,SF,27,0,744,10.8,0.499,0.515,0.19,2.8,12.7,7.8,8.6,1.6,1,9.1,21.3,-0.1,1,0.9,0.06,-1.9,0.2,-1.7,0.1
Jusuf Nurkić,23,POR,C,79,79,2088,19.2,0.528,0.007,0.287,10,26.9,18.5,11.7,1.5,4.3,14.6,26.4,0.8,3.9,4.7,0.108,-1.1,1.1,0,1.1
Dennis Schröder,24,ATL,PG,67,67,2078,17.3,0.515,0.229,0.231,2.4,8.8,5.6,36.2,1.7,0.2,12.7,30.4,1.5,1,2.6,0.059,1.2,-1.9,-0.6,0.7
Marcin Gortat,33,WAS,C,82,82,2075,14.7,0.546,0,0.291,9.9,24,17,10.6,1,2.6,13.5,15.5,2.4,2.4,4.9,0.113,-0.8,0.3,-0.6,0.8
Al-Farouq Aminu,27,POR,PF,69,67,2072,12,0.522,0.582,0.137,5.2,22.3,13.8,5.8,1.9,1.6,11.3,14.8,0.9,3.2,4.2,0.097,-0.7,1.1,0.4,1.3
Dragan Bender,20,PHO,PF,82,37,2069,7.1,0.524,0.665,0.105,2,16.8,9.3,8.9,0.5,2.1,18.1,12.7,-0.7,0.8,0.1,0.001,-2.9,-0.8,-3.7,-0.9
Terry Rozier,23,BOS,PG,80,16,2068,15.1,0.52,0.503,0.186,3.4,16.3,9.9,17.5,1.9,0.8,8.5,20.4,2.2,3.4,5.6,0.13,0.9,1.2,2.1,2.1
Austin Rivers,25,LAC,SG,61,59,2057,12.6,0.526,0.447,0.198,1.5,6.2,3.9,17.5,1.7,0.6,11.1,20.6,1.4,1,2.4,0.056,-0.3,-0.9,-1.2,0.4
Tony Snell,26,MIL,SG,75,59,2053,8.5,0.578,0.631,0.113,0.5,7.5,4,6.5,1.1,1.2,7.5,10.6,1.6,0.7,2.4,0.056,-1.5,-0.8,-2.3,-0.1
Tyler Johnson,25,MIA,PG,72,39,2052,13,0.549,0.456,0.181,1.9,11.7,6.8,12.4,1.5,1.4,9.5,18.6,1.9,2.3,4.2,0.097,-0.5,0.2,-0.3,0.9
Dennis Smith Jr.,20,DAL,PG,69,69,2049,12.8,0.473,0.331,0.188,2.6,11.8,7,29.5,1.7,0.8,14.9,28.9,-2.4,1.7,-0.7,-0.017,-1.2,-1.2,-2.4,-0.2
Willie Cauley-Stein,24,SAC,C,73,57,2044,17.6,0.529,0.016,0.32,7,22,14.2,13.7,1.9,3.1,11,21.8,1.7,2.2,3.9,0.092,-0.4,0.3,-0.1,1
Ish Smith,29,DET,PG,82,35,2043,15.4,0.525,0.126,0.145,1.4,10.9,6.1,28.4,1.6,0.9,11.2,20.8,2.4,2,4.4,0.102,-0.3,0.3,0,1
Wayne Ellington,30,MIA,SG,77,2,2041,12.5,0.588,0.827,0.111,1.3,10.7,6,5.9,1.3,0.3,6.6,17.3,2.6,1.9,4.5,0.105,1,-0.6,0.4,1.2
Evan Turner,29,POR,SF,79,40,2034,9.8,0.52,0.229,0.185,1.6,11.4,6.5,12.4,1.1,1.2,13.7,15.6,0.5,2.1,2.6,0.061,-2.9,0.4,-2.5,-0.3
Clint Capela,23,HOU,C,74,74,2034,24.5,0.65,0.001,0.38,13.5,30.8,22.2,5.7,1.4,5.7,11.5,19.4,6.2,4.1,10.2,0.242,2.4,1,3.4,2.8
Jonathon Simmons,28,ORL,SG,69,50,2029,12.7,0.555,0.268,0.317,3.3,9.7,6.5,13.3,1.4,0.6,14.4,22,0.8,1.1,1.9,0.045,-1.7,-1.3,-3.1,-0.5
De'Aaron Fox,20,SAC,PG,73,61,2026,11.2,0.478,0.192,0.245,1.8,10,5.7,24.6,1.7,0.9,16.4,23.4,-1.7,1,-0.6,-0.014,-2.7,-1.5,-4.2,-1.1
Buddy Hield,25,SAC,SG,80,13,2024,16.1,0.557,0.437,0.087,3,14.8,8.6,12.8,2.1,1,11.3,24.3,1.3,1.5,2.8,0.067,1.6,-0.5,1,1.5
Lauri Markkanen,20,CHI,PF,68,68,2020,15.6,0.552,0.465,0.193,4,23.7,13.5,6.4,0.9,1.8,8.2,21.9,1.7,1.6,3.3,0.079,1,-1.2,-0.2,0.9
Darren Collison,30,IND,PG,69,64,2018,18.8,0.61,0.321,0.226,2.1,7.8,5,26.4,2.3,0.7,10.9,17.4,5.8,1.8,7.6,0.181,2.4,0.3,2.7,2.4
Marvin Williams,31,CHO,PF,78,78,2006,13.9,0.603,0.542,0.218,3.9,16.2,10,7,1.4,1.6,9.7,14.8,3.1,1.9,5,0.119,0.6,0.3,1,1.5
Nicolas Batum,29,CHO,SG,64,64,1981,14.4,0.523,0.422,0.2,3.1,13.8,8.4,26.2,1.6,1,15.6,18.3,1.7,1.8,3.5,0.084,0.5,-0.1,0.4,1.2
Kyle Anderson,24,SAS,SF,74,67,1978,15.9,0.582,0.13,0.333,4.7,17.6,11.1,14.7,2.9,2.5,15.8,13.5,2.4,3.8,6.2,0.151,-0.4,3.3,2.9,2.4
Joe Harris,26,BRK,SG,78,14,1975,13.3,0.634,0.576,0.167,2.7,11.3,7,10.2,0.9,0.8,12,16.6,3,0.9,4,0.097,0.7,-0.6,0.1,1
Brandon Ingram,20,LAL,SF,59,59,1975,13.8,0.536,0.138,0.371,3.1,13.8,8.5,17.7,1.1,1.8,14.4,22.2,1,1.8,2.8,0.068,-0.9,-0.3,-1.2,0.4
John Henson,27,MIL,C,76,69,1970,15.7,0.582,0.014,0.315,9,21.5,15.3,8.6,1.1,4.7,12.8,15,2.8,2.2,4.9,0.12,-1,0.1,-0.9,0.5
Blake Griffin,28,2TM,PF,58,58,1970,19.6,0.544,0.323,0.331,4.1,19.8,12,28.1,1,0.8,12.6,28.9,3.2,1.8,4.9,0.12,3.6,-0.2,3.4,2.7
Blake Griffin,28,LAC,PF,33,33,1139,20.4,0.553,0.324,0.379,4.5,20.5,12.6,25.6,1.3,0.7,12.8,29.3,2,1,3,0.125,3.8,-0.4,3.4,1.6
Blake Griffin,28,DET,PF,25,25,831,18.5,0.531,0.323,0.266,3.5,18.9,11,31.5,0.7,1,12.4,28.4,1.1,0.8,1.9,0.113,3.4,0.1,3.4,1.1
Markieff Morris,28,WAS,PF,73,73,1968,13.2,0.566,0.301,0.186,4.3,19.2,11.8,11,1.4,1.7,14.6,19.5,1.2,2.1,3.3,0.08,-1.3,0.1,-1.3,0.4
Jeremy Lamb,25,CHO,SG,80,18,1967,17,0.559,0.305,0.25,2.7,15.4,8.9,15.4,1.5,1.4,9.1,22.4,3,1.9,4.9,0.12,1.3,0.2,1.6,1.8
Josh Jackson,20,PHO,SF,77,35,1959,11.8,0.48,0.233,0.299,5.1,14.2,9.6,10.1,2,1.4,12.2,26,-2,1.2,-0.7,-0.018,-2.8,-1.4,-4.2,-1.1
Marco Belinelli,31,2TM,SG,80,2,1947,14.1,0.581,0.517,0.213,1.1,7.3,4.3,11.9,1.6,0.5,10.1,20.7,2.4,1.3,3.7,0.092,0.4,-0.8,-0.5,0.8
Marco Belinelli,31,ATL,SG,52,1,1210,14.1,0.554,0.509,0.225,1.3,7.9,4.6,13.5,1.9,0.2,9.2,21.2,1.3,0.6,1.9,0.075,0.6,-0.8,-0.2,0.5
Marco Belinelli,31,PHI,SG,28,1,737,14.2,0.628,0.53,0.194,0.9,6.3,3.7,9.3,1.3,1,11.7,19.8,1.1,0.7,1.8,0.119,0,-0.8,-0.8,0.2
Darius Miller,27,NOP,SF,82,3,1944,9.3,0.617,0.735,0.138,1,7.9,4.6,7.5,0.7,0.7,10.1,12.8,2.1,0.9,3,0.075,-1.1,-0.8,-1.9,0.1
James Johnson,30,MIA,PF,73,41,1943,15.8,0.575,0.301,0.264,3.5,17.2,10.3,22.5,1.8,2.2,17.1,19.1,2.2,2.8,5,0.123,0,1.6,1.6,1.7
Kyrie Irving,25,BOS,PG,60,60,1931,25,0.61,0.374,0.24,1.9,10.8,6.4,30.7,1.7,0.7,10.4,31,6.3,2.7,8.9,0.222,6.4,0.9,7.3,4.5
Rondae Hollis-Jefferson,23,BRK,SF,68,59,1920,16.9,0.548,0.075,0.436,5.5,20,12.7,14.2,1.6,1.9,12.3,22.2,2.1,2,4.1,0.103,-0.3,0.4,0.1,1
Joel Embiid,23,PHI,C,63,63,1912,22.9,0.573,0.203,0.442,8.4,29.7,19.4,18,1,4.8,15.6,33.4,2.3,3.8,6.2,0.155,2,1.3,3.3,2.6
Aaron Gordon,22,ORL,PF,58,57,1909,16.5,0.53,0.395,0.26,5,21.5,13.2,11.7,1.5,1.9,10,24.7,0.9,2,2.9,0.072,0.9,-0.6,0.3,1.1
Dirk Nowitzki,39,DAL,C,77,77,1900,16.7,0.575,0.445,0.142,1.2,25.2,12.8,10.4,1.1,2.1,6,20.5,2.6,2.2,4.8,0.121,1.7,0.6,2.3,2.1
Stanley Johnson,21,DET,SF,69,50,1894,9,0.48,0.418,0.259,1.9,13,7.3,8.5,2.5,0.7,11,16.4,-0.6,2.4,1.8,0.046,-4,1.1,-2.9,-0.4
Jordan Clarkson,25,2TM,SG,81,2,1888,16.4,0.542,0.333,0.199,3.3,9.1,6.2,19.3,1.5,0.3,10.9,26.5,1.9,1.2,3,0.077,1.5,-1.4,0.1,1
Jordan Clarkson,25,LAL,SG,53,2,1256,16.9,0.532,0.315,0.198,3.8,9.7,6.7,22.9,1.5,0.2,11.6,27.7,1.1,1,2.1,0.08,1.9,-1.1,0.8,0.9
Jordan Clarkson,25,CLE,SG,28,0,632,15.4,0.565,0.376,0.202,2.3,7.9,5.1,12,1.5,0.4,9.3,24.1,0.8,0.2,1,0.073,0.5,-1.8,-1.3,0.1
Tim Hardaway Jr.,25,NYK,SG,57,54,1885,14.4,0.533,0.479,0.209,1.9,11.3,6.6,12.7,1.6,0.5,9,23.8,1.6,1.1,2.6,0.067,0.5,-1.1,-0.6,0.7
Devin Booker,21,PHO,SG,54,54,1865,18.1,0.561,0.364,0.312,1.5,12.7,7,24.4,1.2,0.6,13.9,31.7,1.9,0.6,2.4,0.063,2.9,-2,0.9,1.4
Caris LeVert,23,BRK,SF,71,10,1864,14.2,0.525,0.333,0.254,3,11.9,7.4,26,2.1,0.9,15.8,22.5,0.7,1.6,2.3,0.058,-0.8,0,-0.8,0.6
Lance Stephenson,27,IND,SG,82,7,1850,12.4,0.495,0.327,0.179,3.8,22,12.9,18.6,1.2,0.8,14.6,21.6,-0.2,2,1.8,0.046,-1.5,-0.3,-1.8,0.1
Michael Kidd-Gilchrist,24,CHO,SF,74,74,1850,12.5,0.536,0.004,0.305,4.8,13,8.8,5.9,1.3,1.4,7.7,16.1,1.7,1.6,3.3,0.084,-2.1,0,-2.1,-0.1
Chris Paul,32,HOU,PG,58,58,1847,24.4,0.604,0.475,0.277,2.3,16.7,9.5,40.9,2.6,0.6,12.5,24.5,7.5,2.7,10.2,0.265,5.2,1.8,7.1,4.2
Evan Fournier,25,ORL,SF,57,57,1837,15.5,0.577,0.418,0.216,1.4,9.5,5.4,14.8,1.3,0.7,9.8,23.3,2.4,0.9,3.3,0.087,0.8,-1.4,-0.6,0.7
Myles Turner,21,IND,C,65,62,1836,16.6,0.567,0.246,0.322,5.8,19.8,12.8,7,1,5.7,11.6,20,2.2,2.5,4.7,0.122,-0.6,0.4,-0.2,0.8
Frank Kaminsky,24,CHO,PF,79,4,1835,14.4,0.545,0.383,0.271,2.7,14.5,8.5,11,1,0.9,7.6,20.5,2.3,1.3,3.6,0.094,0.6,-0.8,-0.2,0.8
Enes Freedom,25,NYK,C,71,71,1830,24,0.63,0.003,0.258,16.6,30.6,23.6,9.4,1,1.7,13.3,21.8,5.5,2.1,7.5,0.198,3.3,-1.1,2.2,1.9
Jeff Green,31,CLE,PF,78,14,1828,14.8,0.587,0.275,0.379,3.7,11.2,7.6,8,1.1,1.6,9.4,19.3,3.1,0.8,3.9,0.103,-0.3,-1.5,-1.8,0.1
Rudy Gobert,25,UTA,C,56,56,1816,20.7,0.657,0,0.673,10.4,27,18.8,6.9,1.2,6,15.7,16.9,4.2,3.9,8.1,0.214,0.9,2.5,3.4,2.5
Pau Gasol,37,SAS,C,77,63,1812,18.9,0.539,0.191,0.333,7.8,30.2,19,20.1,0.7,3.6,13.1,20.4,2.7,3.3,6,0.159,1.5,1.9,3.4,2.5
George Hill,31,2TM,PG,67,60,1812,13.3,0.58,0.4,0.273,2.6,8.9,5.7,15,1.7,1.3,13.3,16.3,2.3,0.9,3.2,0.085,-0.2,-0.5,-0.8,0.6
George Hill,31,SAC,PG,43,36,1143,14,0.597,0.393,0.304,2.1,9.9,5.8,15.5,1.7,1,14,16.9,1.6,0.6,2.1,0.09,0,-0.6,-0.5,0.4
George Hill,31,CLE,PG,24,24,669,12.2,0.551,0.412,0.219,3.4,7.3,5.4,14,1.6,1.9,12,15.4,0.8,0.3,1.1,0.077,-0.7,-0.5,-1.2,0.1
Domantas Sabonis,21,IND,C,74,19,1810,17.5,0.567,0.056,0.339,10.4,25.2,17.8,12.7,1.1,1.6,15.3,22.1,2.5,2.2,4.7,0.126,-0.6,-0.5,-1.1,0.4
Elfrid Payton,23,2TM,PG,63,63,1808,16.5,0.538,0.138,0.252,3.8,12.8,8.2,34.9,2.2,1,18.5,21.9,1.4,1.4,2.8,0.075,0.1,-0.3,-0.2,0.8
Elfrid Payton,23,ORL,PG,44,44,1257,18.1,0.564,0.146,0.249,4.1,11.2,7.6,35.5,2.5,1,18.3,21.8,1.6,1.1,2.7,0.104,1,0.1,1.1,1
Elfrid Payton,23,PHO,PG,19,19,551,13.1,0.481,0.12,0.258,3.2,16.3,9.7,33.7,1.7,0.9,18.8,22.1,-0.2,0.3,0.1,0.009,-2.1,-1.1,-3.2,-0.2
Danny Green,30,SAS,SG,70,60,1791,11.3,0.509,0.57,0.116,2.5,13,7.7,8.9,1.8,3.7,11.2,16.6,0.1,2.9,2.9,0.078,-1,1.4,0.4,1.1
Kent Bazemore,28,ATL,SG,65,65,1789,14.5,0.547,0.405,0.297,1.6,13.9,7.7,20.1,2.7,2.2,17,22.5,0.2,2,2.2,0.059,-0.4,1,0.6,1.2
John Collins,20,ATL,PF,74,26,1785,18.3,0.62,0.086,0.341,11,22.8,16.9,8.9,1.3,3.8,14.3,17.9,3.4,2,5.4,0.145,-0.4,0.2,-0.2,0.8
Lonzo Ball,20,LAL,PG,52,50,1780,12.5,0.444,0.523,0.126,4.2,17.3,10.8,29.2,2.4,2,18.6,17.4,-0.5,2.5,2,0.053,-0.7,1.6,1,1.3
Kelly Olynyk,26,MIA,PF,76,22,1779,17.8,0.612,0.44,0.274,5.6,21.6,13.6,18.7,1.7,1.7,17.1,21.7,2.8,2.7,5.5,0.148,1.1,1.2,2.3,1.9
Doug McDermott,26,2TM,SF,81,4,1768,10.4,0.579,0.425,0.159,2.5,10.2,6.3,6.5,0.5,0.8,9.3,15,1.7,0.6,2.3,0.063,-1,-1.3,-2.2,-0.1
Doug McDermott,26,NYK,SF,55,1,1172,9.9,0.562,0.418,0.162,3.1,9.5,6.3,6,0.4,0.9,8.8,14.4,1.1,0.3,1.3,0.055,-0.7,-1.4,-2.1,0
Doug McDermott,26,DAL,SF,26,3,596,11.5,0.611,0.439,0.156,1.3,11.4,6.1,7.5,0.8,0.6,10.3,16.3,0.6,0.3,1,0.077,-1.5,-1,-2.6,-0.1
D.J. Augustin,30,ORL,PG,75,36,1760,15.4,0.615,0.504,0.35,1.9,8.2,5,24.4,1.5,0,16.5,18.6,3.3,0.8,4.1,0.11,1,-1.2,-0.2,0.8
Anthony Tolliver,32,DET,PF,79,14,1757,13.9,0.663,0.773,0.282,3.1,12.3,7.6,7.5,0.9,1.1,9.9,14.8,3.8,1.5,5.3,0.146,1.2,-0.3,0.9,1.3
Dejounte Murray,21,SAS,PG,81,48,1743,15.1,0.485,0.056,0.243,7,22.4,14.6,20.2,2.8,1.5,16.6,20.7,-0.2,3.4,3.2,0.087,-1.6,2.2,0.5,1.1
DeMarcus Cousins,27,NOP,C,48,48,1737,22.6,0.583,0.34,0.456,6.8,30.9,19.2,23,2.2,3.5,18.9,31.9,1.5,3.2,4.7,0.13,2.5,2.2,4.7,2.9
Brook Lopez,29,LAL,C,74,72,1735,16.5,0.557,0.41,0.199,4.6,13.4,9,11.6,0.8,4.6,10.2,23.5,1.9,1.9,3.8,0.105,0.7,0.2,0.9,1.3
Reggie Bullock,26,DET,SF,62,52,1732,13.6,0.615,0.515,0.09,1.7,8.3,4.9,8.4,1.4,0.7,7.6,15.7,2.8,1.4,4.2,0.117,0.7,0,0.7,1.2
Ersan İlyasova,30,2TM,PF,69,43,1729,14.9,0.558,0.413,0.22,7.6,18,12.9,7.9,1.7,1.3,9.7,18.7,2.2,1.9,4,0.112,-0.2,-0.4,-0.6,0.6
Ersan İlyasova,30,ATL,PF,46,40,1175,15.1,0.569,0.424,0.224,7,16.8,11.9,6.8,1.8,1.2,8.9,18,1.6,1,2.6,0.106,0.3,-0.5,-0.1,0.6
Ersan İlyasova,30,PHI,PF,23,3,554,14.6,0.537,0.392,0.212,8.9,20.6,15,10.4,1.5,1.4,11.1,20.1,0.6,0.9,1.4,0.125,-1.2,-0.3,-1.6,0.1
Jonas Valančiūnas,25,TOR,C,77,77,1727,22.5,0.628,0.108,0.307,12.1,30.3,21.4,7.5,0.8,3.2,12.9,22.7,4.6,3,7.6,0.21,2.4,0,2.4,1.9
Ryan Anderson,29,HOU,PF,66,50,1725,12.6,0.592,0.706,0.194,6.2,15.4,10.8,5.1,0.7,1,7.5,14.4,3.1,1.7,4.8,0.132,0.9,-0.8,0.1,0.9
Frank Ntilikina,19,NYK,PG,78,9,1706,7,0.437,0.314,0.136,2.4,9.1,5.8,20,1.9,0.9,19.8,16.9,-2,1,-0.9,-0.026,-4.5,-0.5,-5,-1.3
T.J. McConnell,25,PHI,PG,76,1,1706,12.5,0.545,0.147,0.093,2.4,11.5,7.1,24.5,2.6,0.6,20.4,13.8,1.3,2.5,3.8,0.108,-1.9,1.9,0,0.9
Rajon Rondo,31,NOP,PG,65,63,1705,15.3,0.522,0.304,0.093,2,14.2,8.4,42.2,2,0.5,22.7,16.9,1.9,1.7,3.6,0.101,0,-0.4,-0.3,0.7
Robin Lopez,29,CHI,C,64,64,1690,14.7,0.552,0.022,0.14,8.2,10.3,9.2,12.3,0.4,2.8,13.5,20.4,1.2,0.7,1.9,0.055,-0.9,-1.3,-2.2,-0.1
Jerian Grant,25,CHI,PG,74,26,1686,14.3,0.528,0.372,0.374,1.9,9.3,5.5,30.1,1.8,0.4,13.2,17.4,2.3,1,3.3,0.094,-0.9,-0.5,-1.3,0.3
Nikola Vučević,27,ORL,C,57,57,1683,19.7,0.533,0.243,0.112,6.6,27.8,17.1,19.9,1.6,3,11,25.9,1.3,2.3,3.6,0.102,1.7,1,2.7,2
Justise Winslow,21,MIA,PF,68,25,1680,11.5,0.496,0.264,0.213,4.3,20.5,12.4,13,1.6,1.7,12.6,16.3,0.2,2.4,2.6,0.075,-2.2,1.1,-1.1,0.4
Pascal Siakam,23,TOR,PF,81,5,1679,14.5,0.549,0.265,0.175,5.4,18.6,12.1,13.5,1.8,2,11.1,15.7,2.1,2.5,4.7,0.133,-0.3,1.6,1.3,1.4
Dwight Powell,26,DAL,C,79,24,1672,18.8,0.656,0.195,0.43,8.7,21.3,14.7,8.5,2,1.7,10.3,15.5,4.6,2.1,6.6,0.191,0.6,1,1.6,1.5
Jarell Martin,23,MEM,PF,73,36,1661,10.5,0.516,0.198,0.234,6.6,15.8,11.1,7,1.2,2.8,13.6,17.1,0.1,1.2,1.3,0.038,-3.3,-0.7,-4,-0.8
Tyler Ulis,22,PHO,PG,71,43,1658,10.1,0.465,0.265,0.183,1.5,6.8,4.1,28,2,0.3,17.6,18.5,-0.7,0.5,-0.2,-0.006,-3,-1.4,-4.4,-1
Mario Hezonja,22,ORL,SF,75,30,1657,13.7,0.544,0.433,0.17,2.7,16.1,9.3,10,2.4,1.5,11.5,19.9,0.5,1.8,2.3,0.066,-0.9,0.4,-0.5,0.6
Jamal Crawford,37,MIN,SG,80,0,1653,13,0.519,0.423,0.152,1.4,5.5,3.5,16.9,1.2,0.5,10.7,23.7,0.9,0.3,1.3,0.037,0.1,-2.5,-2.3,-0.1
Michael Beasley,29,NYK,PF,74,30,1653,17.8,0.556,0.107,0.197,6.5,21.2,13.9,12.5,1.1,2.3,14,26.9,0.9,1.5,2.4,0.069,0.6,-0.8,-0.2,0.7
Kevin Love,29,CLE,C,59,59,1651,22.4,0.614,0.453,0.365,7,29.8,18.6,9.8,1.3,1.2,9.6,25.1,4.7,1.6,6.4,0.185,4.5,-1.3,3.3,2.2
Jerami Grant,23,OKC,PF,81,1,1647,16.2,0.607,0.241,0.526,5.6,16.3,10.7,5.1,0.9,4.2,8.8,16,3.5,1.9,5.4,0.156,0,0.3,0.3,1
David Nwaba,25,CHI,SG,70,21,1646,12.2,0.542,0.123,0.48,5.6,16,10.6,9.4,1.7,1.6,13.1,15.6,1.1,1.4,2.4,0.071,-2.7,0.2,-2.5,-0.2
Bobby Portis,22,CHI,PF,73,4,1643,19.7,0.548,0.275,0.192,10,23,16.2,13.2,1.5,1.3,10.5,26,2,1.5,3.5,0.101,2.2,-1.3,0.8,1.2
Tomáš Satoranský,26,WAS,SG,73,30,1643,15.4,0.615,0.263,0.25,5,11.1,8,24.8,1.6,0.8,16.3,13.7,3.7,1.3,5,0.145,0.8,0.5,1.2,1.3
Stephen Curry,29,GSW,PG,51,51,1631,28.2,0.675,0.58,0.35,2.7,14.4,9,30.3,2.4,0.4,13.3,31,7.2,1.8,9.1,0.267,7.8,0,7.7,4
Troy Daniels,26,PHO,SG,79,15,1622,9.8,0.583,0.797,0.111,0.8,7.7,4.2,4.5,0.8,0.2,8.5,17.2,1.4,0,1.4,0.042,-0.5,-2.1,-2.6,-0.3
Andre Iguodala,34,GSW,SF,64,7,1622,11.2,0.536,0.366,0.272,3.7,12.6,8.5,16.2,1.6,1.9,15.8,11.5,1.6,1.6,3.2,0.094,-1.1,0.8,-0.3,0.7
Rodney Hood,25,2TM,SG,60,23,1616,14.3,0.546,0.443,0.172,1.6,9.9,5.8,9.7,1.4,0.6,8,24.3,1.2,1.5,2.7,0.081,0.8,-0.9,-0.1,0.8
Rodney Hood,25,UTA,SG,39,12,1084,15.1,0.551,0.475,0.176,1.5,10.1,5.8,10.4,1.4,0.5,9.6,27.3,0.6,1.3,1.9,0.085,1.6,-1,0.5,0.7
Rodney Hood,25,CLE,SG,21,11,532,12.7,0.533,0.357,0.161,1.7,9.5,5.7,8.4,1.4,0.8,3.2,18.3,0.6,0.2,0.8,0.074,-0.8,-0.7,-1.5,0.1
Garrett Temple,31,SAC,SG,65,35,1615,10.3,0.536,0.477,0.164,1.5,9.6,5.4,11.3,1.8,1.6,13.4,16.4,0.3,0.9,1.2,0.035,-2.2,-0.3,-2.5,-0.2
Marcus Smart,23,BOS,SG,54,11,1614,10.8,0.479,0.483,0.258,3,9.8,6.4,23.7,2.2,1.2,18.4,19.4,-0.6,2.5,1.9,0.056,-2.1,1,-1.2,0.3
Tyreke Evans,28,MEM,PG,52,32,1607,21.1,0.561,0.354,0.258,3.1,16.3,9.5,31.2,1.8,1,11.5,28.4,3.1,1.2,4.2,0.126,4.9,-0.5,4.5,2.6
James Ennis III,27,2TM,SF,72,22,1604,11.6,0.588,0.398,0.302,5.1,11,8,6.6,1.5,1,11.4,13.7,2,1.1,3.1,0.092,-1.1,-0.1,-1.2,0.3
James Ennis III,27,MEM,SF,45,14,1053,11.9,0.61,0.378,0.329,5.7,11.7,8.6,7,1.5,1.1,13,12.5,1.5,0.6,2,0.093,-0.5,-0.1,-0.6,0.4
James Ennis III,27,DET,SF,27,8,551,11.2,0.558,0.426,0.265,3.9,9.6,6.7,5.9,1.4,1,9,16,0.5,0.5,1,0.09,-2.2,-0.2,-2.3,-0.1
J.J. Barea,33,DAL,PG,69,11,1603,17.8,0.545,0.454,0.148,1,13.4,7,45.1,1.1,0.2,16.3,24.9,2.3,1,3.3,0.098,2.7,-1.5,1.2,1.3
Kyle Korver,36,CLE,SG,73,4,1574,13.4,0.652,0.777,0.149,0.7,10.9,5.9,8,1,1.5,9.6,16,2.8,0.6,3.4,0.104,1.5,-1.2,0.2,0.9
Luc Mbah a Moute,31,HOU,PF,61,15,1564,10.3,0.595,0.501,0.275,1.6,11.7,6.7,5,2.3,1.4,15,12.8,0.8,2.1,2.8,0.087,-1.6,1.4,-0.2,0.7
Dante Cunningham,30,2TM,SF,73,25,1562,10,0.539,0.462,0.143,5.5,14.9,10.3,4.3,1.2,1.5,7.9,11.6,1.1,1.3,2.4,0.074,-1.5,-0.2,-1.7,0.1
Dante Cunningham,30,NOP,SF,51,24,1115,8.4,0.525,0.48,0.16,5,13.4,9.4,3,1.2,1.1,6.2,10,0.7,0.9,1.6,0.067,-1.9,-0.1,-2,0
Dante Cunningham,30,BRK,SF,22,1,447,13.8,0.561,0.432,0.115,6.6,18.5,12.5,7.6,1.3,2.3,10.4,15.8,0.4,0.4,0.9,0.092,-0.6,-0.4,-0.9,0.1
Kristaps Porziņģis,22,NYK,PF,48,48,1553,20.4,0.539,0.256,0.309,4.4,18.1,11.3,6.2,1.1,6.4,8.4,31,1.4,1.8,3.2,0.099,1.9,-0.1,1.8,1.5
Jarrett Jack,34,NYK,PG,62,56,1548,11.5,0.489,0.194,0.169,1.6,12.1,6.8,31.3,1.1,0.2,19.5,16.7,0.5,0.7,1.2,0.036,-1.6,-1.3,-2.8,-0.3
Dewayne Dedmon,28,ATL,C,62,46,1542,15.8,0.599,0.296,0.18,7.2,28.1,17.7,9.2,1.3,2.8,14.3,17,1.8,1.9,3.7,0.114,-0.4,0.5,0.1,0.8
JaMychal Green,27,MEM,PF,55,54,1542,14,0.53,0.26,0.227,10.8,24.4,17.4,8.3,1,1.5,12.4,17.8,1.3,1.3,2.6,0.079,-0.8,-1.5,-2.3,-0.1
Dwyane Wade,36,2TM,SG,67,3,1536,15,0.5,0.163,0.277,3.7,14.6,9.2,23.5,2,2.6,15.5,26.2,-0.4,1.6,1.1,0.036,-0.9,-0.1,-1,0.4
Dwyane Wade,36,CLE,SG,46,3,1069,15.9,0.519,0.161,0.308,4.2,14.7,9.5,23.3,1.9,2.5,15.7,24.3,0.4,0.9,1.3,0.057,-0.1,-0.1,-0.2,0.5
Dwyane Wade,36,MIA,SG,21,0,467,13.1,0.465,0.166,0.223,2.6,14.4,8.5,23.9,2,2.7,15,30.7,-0.8,0.7,-0.1,-0.014,-2.8,0,-2.8,-0.1
Shabazz Napier,26,POR,PG,74,9,1535,14.2,0.544,0.411,0.26,1.9,10.1,6,14.6,2.6,0.7,13.2,19.5,1.2,2,3.2,0.101,-0.7,1.4,0.7,1
Marquese Chriss,20,PHO,PF,72,49,1527,11.1,0.509,0.398,0.331,5.2,22.7,13.8,8.1,1.6,3.7,16.4,18.1,-0.8,1.5,0.7,0.023,-3.2,0.4,-2.8,-0.3
Kris Dunn,23,CHI,PG,52,43,1525,14.5,0.488,0.201,0.171,1.6,14.4,7.8,33.3,3.3,1.6,17.3,24.7,-1,1.9,0.9,0.027,-2.4,1.1,-1.3,0.3
Jakob Poeltl,22,TOR,C,82,0,1524,17.5,0.662,0.005,0.263,12.4,16.4,14.4,5.4,1.3,5.2,16.6,14.8,3.1,2.4,5.6,0.175,-0.7,1.1,0.4,0.9
Fred VanVleet,23,TOR,PG,76,0,1520,15.9,0.556,0.479,0.185,1.9,11.5,6.8,22.8,2.2,1,11.2,19.1,2.7,2,4.7,0.149,1.4,1,2.4,1.7
Bryn Forbes,24,SAS,SG,80,12,1517,9.1,0.525,0.459,0.145,0.9,7.2,4,7.8,0.9,0.1,6.5,16.7,0.8,1.3,2.1,0.067,-2.5,-0.6,-3.1,-0.4
Zach Randolph,36,SAC,PF,59,58,1508,17.3,0.529,0.193,0.14,7,23.7,15,14.9,1.4,0.6,12.5,27.6,0.3,1.2,1.5,0.048,0.5,-1.5,-1,0.4
Justin Jackson,22,SAC,SF,68,41,1506,9.2,0.521,0.442,0.086,2,12.6,7.1,7.2,0.9,0.8,8.4,14.2,0.4,0.5,1,0.031,-2.4,-1.1,-3.5,-0.6
Bismack Biyombo,25,ORL,C,82,25,1495,14.1,0.556,0.003,0.446,10.5,24,17.2,6.5,0.7,5.1,16.6,14.9,1.1,1.8,2.9,0.094,-2.6,0.2,-2.4,-0.2
Nikola Mirotić,26,2TM,PF,55,14,1494,18.7,0.577,0.523,0.2,4.3,24.9,14.6,8.6,1.4,2.2,7.7,23.4,2.2,1.8,4,0.128,2.5,-0.3,2.2,1.6
Nikola Mirotić,26,CHI,PF,25,3,622,22,0.624,0.533,0.262,3,25.3,13.7,11,1.2,1.9,8.4,25.7,1.5,0.6,2,0.158,4.9,-0.3,4.6,1
Nikola Mirotić,26,NOP,PF,30,11,872,16.3,0.539,0.516,0.152,5.3,24.6,15.3,6.8,1.6,2.4,7.1,21.8,0.7,1.2,1.9,0.106,0.8,-0.3,0.5,0.5
Pat Connaughton,25,POR,SG,82,5,1488,9.3,0.539,0.538,0.113,2.7,9.1,5.9,8.7,0.8,1.2,9.5,13.4,1.2,1.3,2.5,0.08,-1.7,-0.1,-1.8,0.1
Wesley Johnson,30,LAC,SF,74,40,1486,9.8,0.512,0.481,0.158,2.2,13.6,8,5.6,2.5,3.5,12.3,13,-0.1,1.7,1.7,0.055,-2.5,1.7,-0.7,0.5
Aron Baynes,31,BOS,C,81,67,1485,12,0.502,0.047,0.175,9.7,22.1,16,9.6,0.7,2.9,14.3,16.8,0.5,2.5,3,0.097,-3.6,0.7,-2.9,-0.3
OG Anunoby,20,TOR,SF,74,62,1481,10,0.587,0.569,0.179,3.4,10.4,7,5,1.7,0.8,10.8,12.4,1.4,1.6,3,0.098,-1.2,0.6,-0.6,0.5
Ed Davis,28,POR,C,78,0,1471,15.5,0.607,0.003,0.38,13.7,28.8,21.3,3.9,1.1,2.9,16.2,12.1,2.5,2.5,5,0.164,-1.2,0.6,-0.6,0.5
Tyus Jones,21,MIN,PG,82,11,1467,14.1,0.572,0.393,0.247,1.2,9.2,5.2,21.2,3.2,0.4,14,12.7,2.3,1.2,3.6,0.117,-0.8,1.7,0.8,1.1
Luke Kennard,21,DET,SG,73,9,1463,12.1,0.56,0.419,0.163,1.6,11.9,6.6,12.7,1.5,0.8,12.2,17.2,1.1,1.4,2.6,0.084,-0.9,0.1,-0.8,0.5
Josh Hart,22,LAL,SG,63,23,1461,12.2,0.596,0.525,0.251,3.1,16,9.6,7.6,1.5,0.9,10.1,13.5,1.9,1.5,3.4,0.111,-0.6,0.5,-0.1,0.7
Ian Clark,26,NOP,SG,74,2,1455,9.4,0.529,0.394,0.119,0.8,8.4,4.7,10.4,1.1,0.5,9.9,17.2,0.3,0.8,1.1,0.037,-2.7,-0.8,-3.5,-0.6
Marcus Morris,28,BOS,PF,54,21,1442,14.5,0.541,0.383,0.252,3.3,18.4,11,8.2,1.2,0.7,8.7,23,1.1,2.2,3.2,0.108,-0.1,-0.1,-0.1,0.7
Jarrett Allen,19,BRK,C,72,31,1441,17.5,0.636,0.038,0.37,10.5,18.1,14.3,5.4,0.9,4.6,15.1,16.3,2.7,1.5,4.2,0.141,-0.9,0.1,-0.8,0.5
Mason Plumlee,27,DEN,C,74,26,1439,16.9,0.586,0.003,0.486,10.4,20.9,15.6,14.4,1.7,4.7,18.7,16.6,1.8,1.8,3.6,0.12,-1,1.4,0.5,0.9
Malcolm Brogdon,25,MIL,PG,48,20,1436,14.3,0.578,0.32,0.169,1.9,10.8,6.4,16.3,1.4,0.8,10.9,19.1,2,0.7,2.7,0.091,-0.1,-1,-1.2,0.3
Delon Wright,25,TOR,PG,69,4,1433,16.5,0.574,0.354,0.271,3.6,11.7,7.7,19.6,2.5,1.8,13.9,17.2,2.5,2.1,4.5,0.152,1.4,1.8,3.3,1.9
Avery Bradley,27,2TM,SG,46,46,1433,9.6,0.496,0.325,0.131,1.7,7.3,4.5,10.4,1.8,0.5,13.3,23.5,-1.4,1.2,-0.2,-0.007,-3,-1,-4,-0.7
Avery Bradley,27,DET,SG,40,40,1268,9.7,0.497,0.34,0.14,1.6,6.7,4.1,10.5,1.8,0.5,13.3,24.4,-1.4,1.1,-0.2,-0.009,-2.8,-1.1,-3.9,-0.6
Avery Bradley,27,LAC,SG,6,6,165,9,0.492,0.164,0.036,2,12.5,7.3,9.8,1.5,0.5,12.5,16.7,-0.1,0.1,0,0.009,-4.1,-0.3,-4.4,-0.1
Mario Chalmers,31,MEM,PG,66,10,1421,10.4,0.503,0.431,0.312,1,12,6.4,21.5,2.8,0.9,18.8,19.6,-0.6,1.3,0.6,0.021,-3.7,0.5,-3.2,-0.4
Larry Nance Jr.,25,2TM,C,66,26,1421,20.2,0.605,0.029,0.332,12.4,22,17.3,8.6,3,2.2,9.7,15.9,3.5,2.3,5.8,0.196,0.9,1.5,2.4,1.6
Larry Nance Jr.,25,LAL,C,42,17,922,19.4,0.618,0.016,0.344,12.6,20.2,16.4,9.2,3.1,1.8,12.3,15.3,2.1,1.5,3.7,0.191,0.6,1.8,2.4,1
Larry Nance Jr.,25,CLE,C,24,9,499,21.5,0.585,0.05,0.313,12.1,25.5,18.9,7.6,2.8,3.1,5.2,17,1.4,0.7,2.1,0.206,1.5,0.7,2.2,0.5
John Wall,27,WAS,PG,41,41,1410,19.1,0.515,0.25,0.361,1.8,10.2,6,44.5,2,2.8,17,29.1,1.2,1.5,2.7,0.092,3.5,-0.5,3,1.8
Mike Scott,29,WAS,PF,76,1,1406,13.6,0.599,0.311,0.145,4,15.8,9.9,9.1,0.8,0.6,12.4,20,1.4,1,2.5,0.085,-0.6,-1.1,-1.7,0.1
Alex Len,24,PHO,C,69,13,1395,19.4,0.612,0.008,0.611,13.2,26.7,19.8,9.1,0.9,3.5,14,17,3.2,1.3,4.5,0.154,0.6,-0.3,0.3,0.8
Nick Young,32,GSW,SG,80,8,1393,10,0.562,0.668,0.133,1.7,7.9,5,3.5,1.3,0.4,7,17.5,0.8,0.9,1.7,0.059,-1.6,-1.9,-3.5,-0.5
Trey Lyles,22,DEN,PF,73,2,1391,17.9,0.591,0.396,0.26,4.5,23.5,14,10.1,1.1,2,9.1,21.1,2.7,1.2,3.9,0.134,2,-0.7,1.3,1.1
Kosta Koufos,28,SAC,C,71,12,1391,17.5,0.566,0,0.19,11.7,27.6,19.3,9.7,1.7,2.2,10.4,15.2,2.3,1.5,3.9,0.134,-0.2,-0.2,-0.4,0.6
Kyle O'Quinn,27,NYK,C,77,10,1387,20,0.625,0.044,0.331,9.7,27.8,18.8,16.8,1.3,6.1,18.5,17,2.7,2.1,4.8,0.166,0.4,2.6,3.1,1.8
Nemanja Bjelica,29,MIN,PF,67,21,1371,12.6,0.581,0.493,0.121,4.4,18.8,11.5,8.7,1.8,1,11.7,14.3,1.7,1.1,2.8,0.097,-0.1,0.2,0.1,0.7
Bam Adebayo,20,MIA,C,69,19,1368,15.7,0.57,0.021,0.526,9.7,21.6,15.6,11,1.2,2.5,13.6,15.9,2.3,1.9,4.2,0.148,-1.1,0.7,-0.4,0.6
Raymond Felton,33,OKC,PG,82,2,1365,13,0.494,0.417,0.08,2,11,6.3,22.5,1.8,1.1,11.7,20.4,0.9,1.3,2.2,0.078,-0.3,-0.3,-0.6,0.5
Shelvin Mack,27,ORL,PG,69,3,1365,13.3,0.518,0.336,0.234,1.8,11.6,6.7,29.5,1.9,0.5,16.3,17.6,1,1,1.9,0.069,-1.2,-0.2,-1.4,0.2
Hassan Whiteside,28,MIA,C,54,54,1364,24.1,0.573,0.003,0.315,14.3,36.6,25.4,6.9,1.4,5.9,12.3,24.7,2.3,3,5.3,0.187,1.5,1.1,2.6,1.6
Quincy Acy,27,BRK,PF,70,8,1359,8.2,0.525,0.8,0.164,3.1,17.1,10,6,1.2,1.6,13.3,14.4,-0.1,1.1,1,0.036,-2.6,0.1,-2.5,-0.2
Lance Thomas,29,NYK,PF,73,31,1353,6.3,0.513,0.464,0.199,3.6,10.7,7.2,4.2,1.1,0.9,12.1,10.7,0.3,0.6,0.9,0.031,-3.2,-0.5,-3.7,-0.6
Devin Harris,34,2TM,PG,71,1,1340,13,0.563,0.5,0.374,1,9.8,5.3,16.9,1.8,0.8,12.6,20.2,1.6,0.9,2.5,0.089,-1.5,-0.3,-1.8,0.1
Devin Harris,34,DAL,PG,44,1,807,13.5,0.56,0.44,0.394,1.2,10.8,5.8,16.4,2.1,0.9,12.8,21.5,0.7,0.7,1.4,0.085,-1.7,0.7,-1,0.2
Devin Harris,34,DEN,PG,27,0,533,12.4,0.568,0.6,0.341,0.6,8.2,4.4,17.7,1.3,0.6,12.1,18.2,0.9,0.2,1.1,0.096,-1.1,-1.8,-2.9,-0.1
C.J. Miles,30,TOR,SF,70,3,1337,13,0.545,0.758,0.162,1.5,11,6.4,6,1.4,1.3,5.7,22.3,1.4,1.5,2.9,0.103,1,-0.7,0.3,0.8
Gorgui Dieng,28,MIN,C,79,0,1333,14.7,0.543,0.157,0.263,9.1,22.2,15.6,7.5,1.7,2.6,12,16.3,1.6,1.3,2.9,0.105,-0.9,-0.1,-1,0.3
Andrew Harrison,23,MEM,PG,56,46,1326,12.7,0.534,0.331,0.371,2,9.7,5.7,21.3,1.4,1.8,14,19.6,1,0.7,1.7,0.062,-1,-0.5,-1.5,0.2
Manu Ginóbili,40,SAS,SG,65,0,1299,12.9,0.553,0.415,0.283,1.6,10.6,6.1,19.1,1.7,1,16.8,21.5,0.6,1.6,2.2,0.082,-1.5,0.2,-1.3,0.2
Montrezl Harrell,24,LAC,C,76,3,1293,24.7,0.647,0.013,0.405,8.9,17,13,10.1,1.4,3.4,9.5,23.8,4.3,1.3,5.5,0.205,3.1,0.2,3.3,1.7
Patrick Patterson,28,OKC,PF,82,3,1270,10,0.555,0.643,0.173,2.7,14.6,8.4,6.1,1.9,1.6,10.3,10.8,1.2,1.4,2.6,0.098,-1.2,1,-0.2,0.6
Maurice Harkless,24,POR,SF,59,37,1264,12.6,0.596,0.397,0.199,4,9.9,7,6,1.9,2.8,11,12.6,1.6,1.7,3.2,0.123,-0.4,1.7,1.4,1.1
Emmanuel Mudiay,21,2TM,PG,64,14,1245,11.5,0.474,0.281,0.245,2.3,11.3,6.8,24.5,1.6,0.8,16.2,24.4,-0.8,0.7,0,-0.002,-2.1,-1.8,-3.9,-0.6
Emmanuel Mudiay,21,DEN,PG,42,0,752,12.3,0.504,0.317,0.242,2.4,11.6,7,24.1,1.4,0.4,16.8,24.8,0,0.3,0.3,0.019,-1.4,-2.1,-3.5,-0.3
Emmanuel Mudiay,21,NYK,PG,22,14,493,10.2,0.428,0.225,0.25,2.3,10.8,6.5,25,2,1.2,15.3,23.7,-0.7,0.4,-0.3,-0.034,-3.3,-1.4,-4.6,-0.3
Skal Labissière,21,SAC,PF,60,29,1240,14.3,0.513,0.111,0.258,8.7,18.1,13.2,9.1,1,3.7,12.5,21.1,0.4,1,1.4,0.054,-1.9,-0.8,-2.7,-0.2
Thon Maker,20,MIL,C,74,12,1238,10.2,0.499,0.329,0.294,7.1,14.1,10.6,5.2,1.5,3.7,11,14.6,0.3,1.1,1.5,0.056,-3.2,-0.4,-3.5,-0.5
D'Angelo Russell,21,BRK,PG,48,35,1234,15.2,0.509,0.414,0.195,2.6,13.8,8.1,35.7,1.4,1,16.8,30.8,-0.5,0.9,0.4,0.014,0.8,-2,-1.2,0.3
Rudy Gay,31,SAS,PF,57,6,1231,18,0.545,0.22,0.27,6.8,19.5,13.1,9.8,1.9,2.6,11.5,24.6,1,2.1,3.1,0.122,0.2,0.6,0.8,0.9
Corey Brewer,31,2TM,SF,72,18,1208,11.2,0.534,0.348,0.285,3.8,10,6.9,7.5,3.2,1,12.1,14.3,0.7,1.6,2.3,0.091,-3.2,1.9,-1.3,0.2
Corey Brewer,31,LAL,SF,54,2,694,8.9,0.509,0.25,0.297,3.6,10.7,7.1,8.1,2.8,0.9,16.3,14.2,-0.2,0.9,0.7,0.048,-4.7,1.6,-3.1,-0.2
Corey Brewer,31,OKC,SG,18,16,514,14.2,0.565,0.465,0.271,4.2,9.2,6.6,6.7,3.7,1.1,6.4,14.4,0.9,0.7,1.6,0.15,-1.2,2.3,1.1,0.4
Maxi Kleber,26,DAL,PF,72,35,1206,13.4,0.576,0.414,0.191,6.3,15.6,10.8,6.4,1.1,3.5,8.2,13.7,1.6,1.2,2.8,0.113,-1,0.5,-0.5,0.5
Joe Johnson,36,2TM,SF,55,4,1205,8.1,0.49,0.403,0.125,1.3,14.7,8.1,10.2,0.7,0.5,11.4,15.9,-0.3,1.3,1,0.04,-2.7,-0.2,-2.9,-0.3
Joe Johnson,36,UTA,SF,32,3,700,9,0.492,0.372,0.106,2,15.2,8.7,9.8,0.9,0.7,11.6,17.2,-0.2,0.8,0.6,0.041,-2.3,-0.3,-2.6,-0.1
Joe Johnson,36,HOU,SF,23,1,505,6.8,0.485,0.455,0.157,0.5,13.9,7.3,10.7,0.6,0.2,11.2,14.1,0,0.4,0.4,0.038,-3.3,0,-3.3,-0.2
Reggie Jackson,27,DET,PG,45,45,1201,15.9,0.516,0.293,0.232,2.6,9,5.7,32.8,1.1,0.3,13.5,27.1,1.1,0.9,2,0.078,1,-1.4,-0.4,0.5
Amir Johnson,30,PHI,C,74,18,1171,14.9,0.575,0.123,0.327,11.8,18.3,15.2,13.9,1.8,3.1,15.6,12.8,2.1,2,4.1,0.169,-1.2,2.2,1,0.9
Isaiah Taylor,23,ATL,PG,67,9,1167,10.9,0.492,0.205,0.362,2.1,6.9,4.5,27,1.4,0.7,15.7,20.1,0.2,0.5,0.6,0.027,-3.1,-1.3,-4.4,-0.7
Trevor Booker,30,3TM,PF,68,7,1158,14.9,0.557,0.096,0.271,11.1,18.6,14.9,10.8,1.2,1.5,13.3,16.6,1.6,1.3,2.9,0.121,-0.6,0,-0.6,0.4
Trevor Booker,30,BRK,PF,18,6,395,15.4,0.536,0.08,0.287,10.1,22,16,16.2,1,0.9,15.1,21.8,0.3,0.3,0.6,0.072,-1.1,-0.5,-1.7,0
Trevor Booker,30,PHI,PF,33,0,494,14.5,0.618,0.064,0.358,10.7,15.7,13.3,7.6,1.6,1.9,13.7,12.6,1,0.7,1.7,0.163,-0.3,0.9,0.7,0.3
Trevor Booker,30,IND,PF,17,1,269,14.7,0.512,0.167,0.131,13.5,18.8,16.2,9,0.7,1.6,9.2,16.2,0.4,0.3,0.7,0.118,-0.3,-0.8,-1.1,0.1
Sindarius Thornwell,23,LAC,SG,73,16,1156,8.2,0.519,0.262,0.378,3.2,10,6.7,7.8,2,1.8,16.3,12.1,0.1,0.9,1,0.041,-3.4,1,-2.4,-0.1
Tyson Chandler,35,PHO,C,46,46,1151,14.2,0.658,0,0.497,12.2,26.8,19.4,6.6,0.7,1.9,20.6,10.6,1.9,0.8,2.7,0.111,-0.8,-0.6,-1.4,0.2
Semi Ojeleye,23,BOS,PF,73,0,1150,4.6,0.473,0.665,0.218,3.6,11.6,7.7,2.4,0.9,0.3,10.8,9,-0.2,1.3,1.2,0.048,-4.6,-0.1,-4.7,-0.8
Royce O'Neale,24,UTA,SF,69,4,1150,10.8,0.54,0.415,0.268,2.5,20.6,11.7,12,1.6,1.2,14.8,14.6,0.5,1.8,2.4,0.099,-2,1.8,-0.2,0.5
Ian Mahinmi,31,WAS,C,77,0,1145,12.2,0.601,0.008,0.516,13.4,17.4,15.4,6.6,1.6,3.2,24.7,15.6,0.8,1.4,2.2,0.093,-4.6,0.2,-4.4,-0.7
Paul Millsap,32,DEN,PF,38,37,1143,17,0.549,0.26,0.37,6.4,17.6,12.1,13.9,1.7,3.2,12.6,22,1.4,1.1,2.5,0.107,0.4,0,0.4,0.7
Álex Abrines,24,OKC,SG,75,8,1134,9,0.567,0.759,0.158,2.5,8.9,5.6,3.4,1.7,0.6,7.4,12.7,1.3,0.9,2.2,0.094,-1.9,0.4,-1.5,0.1
Jonas Jerebko,30,UTA,PF,74,19,1134,13.2,0.586,0.46,0.167,5.4,19.1,12.3,5.7,1.1,0.9,6.9,15.6,1.8,1.6,3.4,0.144,-0.4,0.4,0.1,0.6
Miloš Teodosić,30,LAC,PG,45,36,1134,11.6,0.564,0.644,0.128,1.6,10.5,6.1,26.2,1,0.4,20.3,18.2,0.9,0.5,1.4,0.058,-0.3,-1.5,-1.7,0.1
Shaun Livingston,32,GSW,PG,71,7,1129,11.6,0.533,0.015,0.178,3.4,9.2,6.5,16.8,1.5,1.5,13.6,16.7,0.9,0.9,1.8,0.077,-2.8,-0.4,-3.1,-0.3
Jodie Meeks,30,WAS,SG,77,0,1119,12.4,0.548,0.534,0.298,1.5,11.2,6.4,9.1,1.3,0.3,7.7,19,1.3,0.8,2,0.086,-0.3,-0.8,-1.1,0.3
Tyler Zeller,28,2TM,C,66,34,1109,16,0.598,0.084,0.237,11,19.4,15.2,6.7,0.7,2.5,11.3,16.4,2,0.9,2.9,0.126,-0.5,-0.9,-1.4,0.2
Tyler Zeller,28,BRK,C,42,33,703,15.3,0.587,0.114,0.262,9.4,20,14.7,6.5,0.6,2.2,12.1,17.9,1,0.6,1.5,0.105,-0.7,-0.4,-1,0.2
Tyler Zeller,28,MIL,C,24,1,406,17.1,0.622,0.019,0.181,13.6,18.4,16,7,0.9,2.9,9.6,13.9,1.1,0.3,1.4,0.163,-0.3,-1.8,-2.1,0
Ben McLemore,24,MEM,SG,56,17,1091,9.7,0.526,0.426,0.172,3.5,11.4,7.4,7.5,1.8,1.3,13.2,19,-0.2,0.7,0.5,0.023,-2.9,-1,-3.9,-0.5
Dāvis Bertāns,25,SAS,PF,77,10,1086,14.1,0.588,0.689,0.134,1.8,13.9,7.8,10.3,1.2,2.1,8.5,17.4,1.6,1.4,3.1,0.135,1,0.6,1.6,1
Tristan Thompson,26,CLE,C,53,22,1072,13.6,0.569,0,0.336,13.4,23.3,18.4,4.3,0.7,1.3,11.8,12.6,1.8,0.7,2.5,0.113,-1,-1.9,-2.9,-0.2
Tony Parker,35,SAS,PG,55,21,1071,12.7,0.498,0.095,0.201,0.7,9.2,4.9,28.2,1.3,0.1,13.9,20.5,0.3,1.1,1.4,0.065,-2.3,-0.9,-3.3,-0.3
Norman Powell,24,TOR,SG,70,18,1062,8.5,0.492,0.497,0.104,1.5,10.9,6.3,11.8,1.7,1.2,14.4,18.9,-0.6,1.2,0.6,0.027,-3.2,0.2,-2.9,-0.3
Mike Muscala,26,ATL,C,53,7,1060,14.4,0.597,0.535,0.199,5.9,18.3,12.1,7.3,1.4,2.2,11,15.7,1.5,0.9,2.4,0.109,0.3,0.1,0.3,0.6
Alec Burks,26,UTA,SG,64,1,1059,13.1,0.527,0.343,0.3,2.1,18.4,10.3,10,1.8,0.6,11.4,22.5,0.2,1.6,1.9,0.084,-1.3,0.4,-0.9,0.3
Treveon Graham,24,CHO,SG,63,2,1050,9,0.553,0.439,0.267,4.3,8.3,6.2,7.8,1.5,0.2,9.9,11.3,1.1,0.7,1.8,0.08,-2.8,0.1,-2.7,-0.2
Zach Collins,20,POR,C,66,1,1045,7.5,0.475,0.391,0.145,4.7,18.2,11.5,7.1,0.8,2.4,15.9,15.4,-0.7,1.3,0.6,0.03,-4.5,0.2,-4.3,-0.6
Greg Monroe,27,3TM,C,51,14,1040,21.2,0.598,0,0.308,11.4,25.2,18.3,18.7,2.1,1.8,17.7,22.4,1.8,1.6,3.4,0.155,1.3,1,2.2,1.1
Greg Monroe,27,MIL,C,5,0,79,11.1,0.489,0,0.121,8.9,28.1,18.5,10.2,0,0,14.7,23.3,-0.1,0,0,-0.013,-3.2,-2.4,-5.6,-0.1
Greg Monroe,27,PHO,C,20,14,465,21,0.642,0,0.297,11.3,25.7,18.4,18.2,1.6,1,18.6,19.6,1,0.4,1.4,0.142,2.1,0,2.1,0.5
Greg Monroe,27,BOS,C,26,0,496,23,0.58,0,0.348,11.9,24.4,18.2,20.5,2.8,2.9,17.4,24.9,0.8,1.1,2,0.193,1.2,2.4,3.6,0.7
Andre Roberson,26,OKC,SG,39,39,1037,10.9,0.543,0.222,0.235,7.8,12.2,9.9,6,2.2,3.1,14.4,8.6,0.8,1.3,2.2,0.1,-1.9,1.8,-0.1,0.5
Vince Carter,41,SAC,SF,58,4,1026,10.8,0.523,0.583,0.131,1.9,15.1,8.2,9.7,2.1,2.4,10.7,14.7,0.3,0.9,1.2,0.056,-1.9,0.7,-1.2,0.2
Wes Iwundu,23,ORL,SF,62,12,1020,7.8,0.48,0.211,0.216,3.9,11,7.4,7.8,1.6,0.9,11.2,11.6,0,0.7,0.7,0.032,-4.2,-0.1,-4.3,-0.6
Malcolm Delaney,28,ATL,PG,54,3,1014,10.6,0.519,0.435,0.323,1,10,5.5,23.4,1.7,0.5,16.9,16.9,0.4,0.6,1,0.047,-2.2,-0.4,-2.6,-0.1
Jameer Nelson,35,2TM,PG,50,0,1013,8.1,0.489,0.508,0.082,1.4,9.5,5.6,22.8,1.3,0.3,21,13.7,-0.1,0.7,0.6,0.028,-2.9,-0.4,-3.3,-0.3
Jameer Nelson,35,NOP,PG,43,0,897,8.9,0.52,0.537,0.083,1.4,9.9,5.8,22.2,1.2,0.3,20.9,13,0.3,0.6,0.8,0.045,-2.3,-0.3,-2.6,-0.1
Jameer Nelson,35,DET,PG,7,0,116,2.6,0.322,0.359,0.077,1.9,5.8,3.8,27.7,1.7,0.8,21.4,19.6,-0.4,0.1,-0.3,-0.107,-7.4,-1,-8.4,-0.2
David West,37,GSW,C,73,0,999,20.9,0.6,0.021,0.209,7.7,18.2,13.3,20.5,2.3,5.9,16.2,21.7,1.8,1.7,3.5,0.168,0.7,2.5,3.1,1.3
Frank Mason III,23,SAC,PG,52,2,984,13,0.48,0.226,0.303,3.3,12.1,7.5,22.7,1.7,1,13.1,22.6,0,0.6,0.5,0.027,-1.3,-1,-2.3,-0.1
Josh Huestis,26,OKC,PF,69,10,982,5.4,0.417,0.632,0.11,4.6,13.9,9.1,2.7,0.8,4,12,9.5,-0.5,1,0.5,0.024,-3.9,0,-3.9,-0.5
Cristiano Felício,25,CHI,C,55,16,977,12.5,0.614,0.009,0.377,8.8,17.1,12.8,8.4,0.8,1,17.7,13.6,1.2,0.5,1.7,0.086,-2.8,-1.1,-3.9,-0.5
Tyler Dorsey,21,ATL,SG,56,5,974,10,0.494,0.521,0.165,1.9,12.9,7.4,12.5,0.9,0.4,8.3,20,0,0.4,0.4,0.02,-1.4,-1.5,-2.9,-0.2
Zaza Pachulia,33,GSW,C,69,57,972,17,0.612,0.004,0.352,11,25,18.5,15.2,1.9,1.4,19.1,17,1.8,1.4,3.3,0.161,-0.7,0.7,0,0.5
Patrick McCaw,22,GSW,SG,57,10,961,7.4,0.477,0.356,0.151,2,7.2,4.8,10.6,2.2,0.8,14.6,12.8,-0.3,0.8,0.6,0.029,-4.3,0.1,-4.1,-0.5
Deyonta Davis,21,MEM,C,62,6,943,16.6,0.621,0,0.215,9,22,15.3,7.1,0.8,3.9,9.9,15.3,1.9,0.8,2.7,0.138,-0.9,-0.6,-1.5,0.1
Daniel Theis,25,BOS,C,63,3,936,16.1,0.616,0.249,0.348,10.7,21.2,16,9.1,1.6,4.3,17.2,15.5,1.6,1.9,3.5,0.178,-2,2.3,0.3,0.5
Gerald Green,32,HOU,SG,41,2,929,14.1,0.566,0.722,0.145,1.8,14.2,8.1,4.3,1.3,1.4,6.6,22.4,1,1,2.1,0.107,1,-0.8,0.3,0.5
Jerryd Bayless,29,PHI,SG,39,11,925,7.5,0.546,0.557,0.168,1.8,7.3,4.7,8,1.2,0.5,14.1,15.1,0.2,0.9,1.1,0.055,-2.7,-0.2,-2.8,-0.2
Miles Plumlee,29,ATL,C,55,35,918,10.6,0.574,0,0.333,9.4,18.3,13.9,7.2,0.9,2.8,23.4,12.8,0.1,0.7,0.9,0.046,-3.7,-0.1,-3.8,-0.4
Dion Waiters,26,MIA,SG,30,30,918,10.5,0.487,0.415,0.168,1,8.5,4.7,19.8,1.3,0.8,13.7,25,-0.7,0.8,0.1,0.004,-2.1,-1.4,-3.5,-0.4
José Calderón,36,CLE,PG,57,32,914,11.3,0.643,0.524,0.162,1.7,8.5,5.2,17.4,1.4,0.2,17.1,11.6,1.5,0.3,1.8,0.095,-1.4,-0.5,-1.9,0
Kevon Looney,21,GSW,C,66,4,910,14.8,0.588,0.026,0.399,11,15.2,13.2,6,1.8,4.9,12,12.5,1.5,1.3,2.8,0.145,-1.2,1,-0.2,0.4
Sam Dekker,23,LAC,PF,73,1,883,11.5,0.534,0.232,0.216,5.6,16,10.8,6.2,1.3,0.9,10.4,15.5,0.6,0.6,1.2,0.066,-2.3,-0.6,-2.9,-0.2
Noah Vonleh,22,2TM,PF,54,16,875,12.8,0.509,0.282,0.248,8.5,30.2,19.2,5.7,1.1,1.6,10.7,14.5,0.5,1.2,1.6,0.09,-1.1,-0.2,-1.3,0.2
Noah Vonleh,22,POR,PF,33,12,476,12,0.543,0.063,0.323,8.1,30,19.1,3.8,0.6,1.9,12,11.5,0.4,0.7,1.2,0.117,-1.5,0.6,-0.9,0.1
Noah Vonleh,22,CHI,PF,21,4,399,13.9,0.484,0.435,0.196,9.1,30.4,19.3,8,1.6,1.3,9.6,18.1,0,0.4,0.5,0.059,-0.6,-1.2,-1.7,0
Langston Galloway,26,DET,SG,58,2,863,12.2,0.503,0.641,0.121,1.6,10.3,5.9,10.1,2,0.5,4.8,19.3,0.5,0.9,1.4,0.079,-0.2,0.2,0.1,0.5
Isaiah Thomas,28,2TM,PG,32,15,862,12.6,0.508,0.447,0.311,2.2,6.3,4.2,27.1,0.8,0.3,16.6,28.8,-0.1,0.3,0.2,0.009,-0.9,-3.9,-4.9,-0.6
Isaiah Thomas,28,CLE,PG,15,14,406,12.3,0.493,0.448,0.351,2,6.5,4.3,25.1,1.1,0.4,15.5,28.9,-0.1,0.1,-0.1,-0.008,-1.2,-3.6,-4.8,-0.3
Isaiah Thomas,28,LAL,PG,17,1,456,12.8,0.52,0.445,0.278,2.4,6,4.2,28.8,0.6,0.2,17.5,28.7,0,0.2,0.2,0.024,-0.7,-4.2,-4.9,-0.3
Malik Monk,19,CHO,SG,63,0,854,10.2,0.477,0.572,0.089,1,7.5,4.2,16.9,1.1,0.9,10,24.9,-0.5,0.5,0,0,-1.3,-2,-3.4,-0.3
Tyrone Wallace,23,LAC,PG,30,19,851,10.1,0.517,0.162,0.316,2.7,10.7,6.8,11.8,1.5,1.3,14.1,16.6,0.2,0.5,0.7,0.042,-3.1,-0.4,-3.5,-0.3
Tim Frazier,27,WAS,PG,59,11,838,11.3,0.475,0.326,0.174,2.4,13.1,7.8,31.1,2.8,0.7,23.5,12.8,0.4,1,1.4,0.08,-2.8,1.8,-0.9,0.2
Michael Carter-Williams,26,CHO,PG,52,2,835,10.8,0.446,0.258,0.389,4.7,13.3,8.9,19.4,2.6,2.3,16.2,16.6,-0.2,1.1,0.9,0.05,-3.3,1.8,-1.5,0.1
Paul Zipser,23,CHI,SF,54,12,824,5.2,0.445,0.47,0.107,1.6,16,8.5,8,1.2,1.6,14.9,15.2,-1.1,0.6,-0.6,-0.034,-5.5,-0.5,-6.1,-0.8
Jason Terry,40,MIL,SG,51,4,814,8.1,0.525,0.747,0.058,0.7,6.2,3.5,9.7,2.6,1.4,13.7,10.1,0.1,0.6,0.7,0.042,-2.6,0.6,-2,0
Ekpe Udoh,30,UTA,C,63,3,810,15.2,0.56,0.008,0.467,9.6,11.4,10.5,9.1,2.7,7.7,12.1,9.1,1.3,1.8,3.2,0.187,-1.3,4.4,3.1,1.1
Jordan Bell,23,GSW,C,57,13,809,18,0.641,0.022,0.238,8.9,19,14.3,16.9,2.1,5.5,20,13.9,1.6,1.4,2.9,0.174,0,2.8,2.8,1
Timothé Luwawu-Cabarrot,22,PHI,SF,52,7,807,7,0.511,0.592,0.217,1.9,7.5,4.8,9.3,0.7,0.5,11.5,17.5,0.1,0.7,0.8,0.046,-3.1,-1.1,-4.1,-0.4
Thabo Sefolosha,33,UTA,SF,38,6,806,15.8,0.591,0.35,0.225,4.1,18.4,11.3,6.3,3.2,1.3,10.2,16.4,1,1.6,2.6,0.156,0.2,2.5,2.7,0.9
Eric Moreland,26,DET,PF,67,3,805,13.9,0.531,0,0.238,10.9,27.6,19.1,13.3,1.9,5.6,23.8,9.7,0.7,1.6,2.3,0.135,-2.8,3.3,0.5,0.5
Trey Burke,25,NYK,PG,36,9,785,21,0.563,0.273,0.148,1.8,8.2,5,36.4,1.5,0.4,9.5,25.1,2,0.3,2.4,0.145,3.9,-1.4,2.5,0.9
Jawun Evans,21,LAC,PG,48,4,778,7.2,0.421,0.213,0.194,1.3,10.4,5.9,17.8,2.3,0.6,13.8,17.7,-0.8,0.6,-0.2,-0.011,-5.4,0.4,-5,-0.6
Sterling Brown,22,MIL,SG,54,4,776,9.1,0.503,0.444,0.117,4.1,17.5,10.8,4.5,2,1.4,10.4,14,0,0.7,0.7,0.043,-2.8,-0.2,-3.1,-0.2
Shane Larkin,25,BOS,PG,54,2,775,10.3,0.491,0.393,0.169,2.1,10.7,6.5,18.5,1.9,0.2,12.3,15.5,0.3,1.1,1.4,0.087,-2.8,1.1,-1.7,0.1
Terrance Ferguson,19,OKC,SG,61,12,763,7.4,0.545,0.71,0.059,2.7,4.2,3.4,3.4,1.6,1.2,6,10.4,0.7,0.5,1.2,0.077,-3.2,-0.1,-3.3,-0.3
Nenê,35,HOU,C,52,4,758,16.4,0.594,0.008,0.448,8.1,18,13.1,9.5,1.8,1.6,11.7,18.9,1.5,1.1,2.6,0.163,-1.6,0.6,-1,0.2
Richaun Holmes,24,PHI,C,48,2,746,17.4,0.585,0.129,0.232,8.6,21.4,15.2,12.3,1.3,3.2,8.6,16.6,1.6,1.3,2.8,0.183,-0.3,1.4,1.1,0.6
Jabari Parker,22,MIL,PF,31,3,743,17.1,0.55,0.244,0.163,6.6,17.1,11.9,13.1,1.7,1.2,11.2,24.4,0.6,0.6,1.2,0.08,0.9,-1.7,-0.8,0.2
Omri Casspi,29,GSW,SF,53,7,740,15.5,0.632,0.106,0.333,4.9,24,15.1,9.5,1.2,2,13.5,16.3,1.2,1,2.2,0.14,-0.9,0,-0.9,0.2
Quinn Cook,24,GSW,PG,33,18,740,12.8,0.593,0.413,0.099,1.6,10.2,6.2,16.6,0.8,0.1,10.8,17.5,1.1,0.4,1.6,0.101,-0.1,-1.5,-1.6,0.1
Salah Mejri,31,DAL,C,61,1,729,17.8,0.644,0.022,0.482,12.5,25.4,18.7,7.2,1.5,8.2,19,12.8,1.3,1.3,2.7,0.175,-2,2.8,0.7,0.5
DeAndre Liggins,29,2TM,SG,58,4,724,6,0.467,0.5,0.047,1.1,10.6,5.9,8.4,2.5,1.6,15.6,7.9,-0.2,0.7,0.5,0.034,-4.3,1.8,-2.5,-0.1
DeAndre Liggins,29,MIL,SG,31,1,480,5,0.424,0.554,0.077,1.2,10.7,6,7.3,2.8,1.8,16.2,7.5,-0.3,0.5,0.2,0.02,-4.8,1.9,-2.8,-0.1
DeAndre Liggins,29,NOP,SG,27,3,244,7.8,0.537,0.415,0,0.9,10.3,5.8,10.7,2,1.3,14.6,8.5,0.1,0.2,0.3,0.062,-3.3,1.5,-1.8,0
Luke Babbitt,28,2TM,SF,50,14,715,9.8,0.576,0.726,0.102,1.1,13.9,7.5,6.5,0.5,0.8,7.8,15,0.5,0.4,0.9,0.06,-0.9,-1.5,-2.4,-0.1
Luke Babbitt,28,ATL,SF,37,9,570,12,0.636,0.661,0.131,1,14.9,7.9,7,0.6,0.8,7.8,14.8,0.9,0.2,1.1,0.094,0.4,-1.1,-0.7,0.2
Luke Babbitt,28,MIA,SF,13,5,145,1.3,0.351,0.957,0,1.5,10.1,5.8,4.8,0.3,1.2,7.8,15.8,-0.3,0.1,-0.2,-0.073,-5.9,-3.3,-9.2,-0.3
Dwayne Bacon,22,CHO,SG,53,6,713,5.8,0.431,0.224,0.13,0.6,18.5,9.4,7.5,1.1,0.2,10.2,13.7,-0.7,0.6,-0.1,-0.007,-4.8,0.1,-4.7,-0.5
Matthew Dellavedova,27,MIL,PG,38,3,712,8.6,0.5,0.513,0.178,2.3,8.2,5.3,27.4,1,0,23,13.5,0.3,0.2,0.5,0.032,-2.4,-2,-4.4,-0.4
C.J. Williams,27,LAC,SG,38,18,707,9.5,0.512,0.396,0.081,1.9,6.7,4.4,8.5,2.1,1.5,8.9,13.7,0.3,0.5,0.7,0.051,-2.8,0.7,-2.1,0
Channing Frye,34,2TM,C,53,1,695,13.1,0.599,0.542,0.09,1.9,19.4,10.8,7.9,1.3,1.6,8.7,15.2,0.9,0.6,1.5,0.101,-0.5,0,-0.5,0.3
Channing Frye,34,CLE,C,44,1,545,13.9,0.604,0.533,0.089,2.1,20.3,11.3,7.5,1.5,1.9,8.8,15.6,0.7,0.5,1.2,0.104,-0.4,0.1,-0.3,0.3
Channing Frye,34,LAL,C,9,0,150,10.2,0.581,0.581,0.093,1.4,16.2,8.9,9.5,0.3,0.5,8.2,13.8,0.2,0.1,0.3,0.091,-1,-0.5,-1.5,0
Wayne Selden,23,MEM,SG,35,9,692,11.8,0.551,0.454,0.219,2.6,6.8,4.7,16,1.3,0.7,15.5,22.6,0.1,0.2,0.3,0.023,-0.9,-2.2,-3.1,-0.2
Chandler Parsons,29,MEM,SF,36,8,691,13.6,0.578,0.517,0.115,2.3,13,7.5,16.4,1.3,1.5,12.5,18.3,0.7,0.4,1.1,0.077,1.2,-0.4,0.8,0.5
Mike James,27,2TM,PG,36,10,687,13.9,0.469,0.305,0.262,2,12.2,7,29.4,2,0.8,12,25.1,-0.1,0.3,0.2,0.017,-0.5,-1,-1.5,0.1
Mike James,27,PHO,PG,32,10,669,14.2,0.476,0.311,0.269,1.9,12.5,7.1,29,1.9,0.8,12.1,25.2,0,0.3,0.3,0.021,-0.3,-0.9,-1.2,0.1
Mike James,27,NOP,PG,4,0,18,3.5,0.222,0.111,0,6.2,0,3,43.5,2.7,0,10,24.1,-0.1,0,-0.1,-0.146,-7.7,-2.4,-10.1,0
Jared Dudley,32,PHO,PF,48,0,686,8.8,0.553,0.656,0.287,1.2,13.6,7.3,15.6,1.7,1.3,16.9,10.2,0.5,0.4,0.8,0.058,-3,0.5,-2.5,-0.1
Tyler Ennis,23,LAL,PG,54,11,683,11.1,0.473,0.25,0.129,3,11.8,7.4,21.9,2.1,1.2,13.8,17.1,0.1,0.8,0.8,0.058,-3,0.9,-2.1,0
Arron Afflalo,32,ORL,SG,53,3,682,5.8,0.516,0.432,0.16,0.6,10.1,5.3,6.2,0.3,1.1,10.8,12.5,-0.1,0.2,0.1,0.009,-3.8,-1.5,-5.4,-0.6
Marreese Speights,30,ORL,C,52,3,675,13.7,0.539,0.668,0.158,3.4,18.4,10.8,9.8,0.6,2.6,9.7,26.9,0.1,0.5,0.6,0.045,0.2,-1.4,-1.1,0.1
Cedi Osman,22,CLE,SF,61,12,672,11,0.577,0.468,0.247,3.2,16.6,10,8.7,1.6,0.4,13.4,15.7,0.5,0.4,0.9,0.064,-2.1,-0.7,-2.9,-0.1
Danilo Gallinari,29,LAC,SF,21,21,671,13.8,0.545,0.434,0.34,1.5,14.9,8.3,8.9,0.9,1.2,8.1,20.6,0.8,0.4,1.2,0.088,0.4,-0.9,-0.5,0.3
Zach LaVine,22,CHI,SG,24,24,656,14.6,0.499,0.346,0.301,1.4,14.4,7.7,18.6,1.8,0.5,9.7,29.5,-0.1,0.5,0.3,0.025,-0.8,-1.5,-2.3,-0.1
Kobi Simmons,20,MEM,PG,32,12,643,7.7,0.49,0.206,0.132,2.5,6.6,4.5,16.5,1.4,0.7,18,17,-0.4,0.2,-0.2,-0.013,-4.7,-2.1,-6.9,-0.8
Sean Kilpatrick,28,4TM,SG,52,1,640,11.6,0.507,0.49,0.245,0.8,14.2,7.5,11.3,1,0.7,10.4,24.9,-0.2,0.3,0.1,0.008,-1.1,-1.7,-2.8,-0.1
Sean Kilpatrick,28,BRK,SG,16,0,183,4.9,0.414,0.494,0.218,0.6,19.9,10.2,12.6,0.5,0.4,14.4,26.3,-0.6,0.1,-0.4,-0.116,-5.3,-2.3,-7.6,-0.3
Sean Kilpatrick,28,MIL,SG,23,0,205,11.3,0.515,0.561,0.232,0.6,13.7,7.1,10.9,1.2,0.4,9.1,21.9,0,0.1,0.1,0.035,-1.3,-1.3,-2.6,0
Sean Kilpatrick,28,LAC,SG,4,0,38,10.5,0.503,0.389,0.111,0,5.7,2.9,12.1,0,0,5,22.6,0,0,0,0.029,-0.8,-3.7,-4.5,0
Sean Kilpatrick,28,CHI,SG,9,1,214,17.7,0.574,0.449,0.299,1.4,11.5,6.3,10.5,1.4,1.3,9,27.1,0.2,0.1,0.4,0.083,2.5,-1.2,1.3,0.2
Torrey Craig,27,DEN,SF,39,5,629,9.8,0.535,0.423,0.255,7.2,15.5,11.4,5.4,0.9,2,11.6,11.9,0.5,0.4,0.9,0.069,-2.2,-0.7,-2.9,-0.1
Cody Zeller,25,CHO,C,33,0,627,15.9,0.602,0.019,0.545,11.4,19.3,15.3,7.4,1.1,2.8,14.6,15.7,1.2,0.7,1.9,0.145,-1.2,0,-1.2,0.1
JaVale McGee,30,GSW,C,65,17,615,22.3,0.641,0.027,0.237,11.5,18.7,15.4,8,1.6,7.3,10,19.2,1.7,1.1,2.7,0.212,0.3,1.2,1.5,0.5
Terrence Ross,26,ORL,SG,24,20,600,9.9,0.505,0.487,0.188,1.8,11.6,6.7,9.3,2.2,1.5,12.3,17.3,-0.2,0.5,0.3,0.025,-2.8,0.1,-2.7,-0.1
Malik Beasley,21,DEN,SG,62,0,583,9,0.509,0.461,0.185,2.7,11,6.9,7.4,1.3,1,11.1,16.2,0.1,0.3,0.3,0.028,-2.4,-1.4,-3.8,-0.3
Cameron Payne,23,CHI,PG,25,14,582,14,0.498,0.423,0.074,3.2,9.8,6.4,29.9,2.2,1.4,14,19.3,0.3,0.4,0.8,0.063,-0.1,-0.3,-0.4,0.2
Cheick Diallo,21,NOP,PF,52,0,581,17,0.619,0,0.375,9.1,29.6,19.7,4.7,0.9,2.9,12,17.4,1.1,0.8,1.9,0.157,-1.3,0.1,-1.2,0.1
Khem Birch,25,ORL,C,42,0,578,16.4,0.582,0,0.484,13.2,21.1,17.1,8.5,1.3,2.9,12.1,13.2,1.2,0.6,1.8,0.15,-0.7,-0.2,-0.9,0.2
Brandon Paul,26,SAS,SG,64,2,576,7.4,0.504,0.425,0.339,1.1,12,6.5,9,2.2,1,16.6,13.6,-0.3,0.8,0.5,0.045,-5.1,1.6,-3.5,-0.2
Alex Caruso,23,LAL,PG,37,7,562,8.7,0.519,0.371,0.259,2.9,9.4,6.2,17.8,2,1.4,24.5,12.9,-0.1,0.6,0.5,0.041,-3.8,0.9,-2.9,-0.1
Joe Young,25,IND,PG,53,1,558,10.1,0.521,0.355,0.156,2.4,10.3,6.4,9.9,1.3,0.2,11.6,18,0.1,0.4,0.5,0.043,-2.3,-1.2,-3.5,-0.2
Tarik Black,26,HOU,C,51,2,536,14.3,0.582,0.087,0.496,13.4,20.9,17.1,3.7,1.9,4.8,18.4,15.6,0.5,1,1.5,0.136,-3.7,1.2,-2.6,-0.1
Jonathan Isaac,20,ORL,PF,27,10,536,9.8,0.465,0.317,0.172,3.3,17.2,10.2,4.8,3,4.5,14.8,15,-0.6,0.8,0.2,0.021,-3.8,2.4,-1.4,0.1
Joffrey Lauvergne,26,SAS,C,55,1,534,16.5,0.536,0.026,0.247,13,22.6,17.8,12.2,0.9,0.5,13.5,20.4,0.6,0.7,1.3,0.12,-0.4,-0.6,-1,0.1
Nik Stauskas,24,2TM,SG,41,0,523,9,0.543,0.649,0.188,0.8,12.3,6.5,11.1,0.8,0.6,13.5,15.9,0.1,0.3,0.3,0.031,-1.3,-1,-2.3,-0.1
Nik Stauskas,24,PHI,SG,6,0,45,0.9,0.41,0.25,0.5,0,2.3,1.2,2.7,4.3,0,45,8.4,-0.1,0.1,0,-0.044,-8.2,2.3,-5.9,0
Nik Stauskas,24,BRK,SG,35,0,478,9.8,0.547,0.66,0.18,0.9,13.2,7,11.9,0.5,0.6,12,16.7,0.2,0.2,0.4,0.038,-0.6,-1.3,-2,0
Abdel Nader,24,BOS,SF,48,1,522,5.1,0.439,0.436,0.262,2.8,12,7.4,7.1,1.4,1.6,17,17.1,-0.9,0.8,-0.1,-0.014,-5.5,0.2,-5.3,-0.4
Justin Anderson,24,PHI,SF,38,0,519,13,0.54,0.51,0.188,5.4,13.6,9.6,7.1,1.4,1.1,6.8,19.3,0.6,0.7,1.2,0.115,-0.6,-0.3,-0.9,0.1
Tyler Cavanaugh,23,ATL,PF,39,1,518,13,0.567,0.586,0.138,9.7,17.7,13.7,7.8,0.8,0.7,8,14.8,0.9,0.3,1.2,0.109,-0.4,-1.5,-1.9,0
Ivan Rabb,20,MEM,PF,36,5,516,16.6,0.599,0,0.237,11.6,24.1,17.7,10.4,1.2,2.4,17.3,17.7,0.7,0.5,1.2,0.109,-0.9,-1.2,-2,0
Raul Neto,25,UTA,PG,41,0,498,11.9,0.55,0.311,0.232,1.6,9.5,5.6,23,1.3,0.7,17.8,18.3,0.3,0.6,0.9,0.086,-1.6,0.2,-1.4,0.1
Willy Hernangómez,23,2TM,C,48,1,495,21.2,0.604,0.073,0.549,13.3,27.2,20.2,10.5,1.8,2.7,14.7,21,1.1,0.7,1.8,0.173,0.9,0.5,1.4,0.4
Willy Hernangómez,23,NYK,C,26,0,233,16.9,0.595,0.062,0.346,10.5,21.3,15.9,14.3,1.7,2.6,21.8,22.4,0.1,0.3,0.3,0.069,-1.1,0.8,-0.3,0.1
Willy Hernangómez,23,CHO,C,22,1,262,25,0.612,0.084,0.747,15.8,32.4,24,7.1,1.9,2.9,7.5,19.7,1,0.4,1.5,0.266,2.7,0.1,2.8,0.3
Al Jefferson,33,IND,C,36,1,484,20.2,0.563,0.014,0.173,7,26.2,16.7,10,1.7,4.2,8.6,22.6,0.8,0.8,1.6,0.158,0.6,1.5,2,0.5
Kyle Collinsworth,26,DAL,SF,32,2,480,10,0.433,0.172,0.404,7.2,18,12.4,16.4,1.8,1.7,17.1,13.3,-0.1,0.5,0.5,0.045,-3.5,0.9,-2.6,-0.1
Damyean Dotson,23,NYK,SG,44,2,474,11.6,0.532,0.422,0.143,2.1,17.5,9.8,9.5,1.3,0.4,9,17.3,0.3,0.3,0.6,0.06,-1.6,-0.6,-2.3,0
Nerlens Noel,23,DAL,C,30,6,472,16.2,0.558,0.01,0.267,10.9,29.3,19.8,6.3,3.3,4.1,18.1,13.8,0.4,1,1.3,0.135,-2.2,2.7,0.5,0.3
Kenneth Faried,28,DEN,PF,32,7,461,17.4,0.552,0.007,0.345,16.7,20.7,18.7,5.8,1.3,2.4,11.9,18.3,0.9,0.4,1.3,0.132,-0.3,-1.7,-2.1,0
T.J. Leaf,20,IND,PF,53,0,459,10.7,0.545,0.309,0.118,7.2,13,10.1,2.8,0.5,0.8,6.5,14.9,0.5,0.3,0.8,0.082,-1.4,-1.7,-3.1,-0.1
DeAndre' Bembry,23,ATL,SF,26,3,455,7.6,0.477,0.234,0.258,2,15.7,8.8,15.9,2.3,2.3,24.8,18.2,-0.9,0.5,-0.4,-0.04,-5.1,0.3,-4.7,-0.3
Dorian Finney-Smith,24,DAL,PF,21,13,448,7.6,0.482,0.554,0.124,5.3,13.6,9.3,8.4,1.1,0.8,14.1,15.1,-0.2,0.3,0.1,0.015,-3.8,-0.8,-4.6,-0.3
Willie Reed,27,2TM,C,42,5,428,19.2,0.671,0.017,0.455,9.1,21.8,15.5,3.6,1,4.3,11.6,16.6,1,0.5,1.5,0.172,0.5,0.3,0.8,0.3
Willie Reed,27,LAC,C,39,5,419,19.4,0.669,0.017,0.458,9.3,22,15.7,3.3,1,4.4,11.6,16.8,1,0.5,1.5,0.171,0.6,0.2,0.8,0.3
Willie Reed,27,DET,C,3,0,9,8.8,1,0,0,0,12.5,6.1,15.9,0,0,0,4.9,0,0,0,0.187,-5.3,2.6,-2.7,0
Dwight Buycks,28,DET,PG,29,0,427,12.8,0.498,0.227,0.207,3,7.7,5.3,22.4,2.2,0.4,15.3,26.5,-0.2,0.4,0.2,0.027,-2.3,-0.7,-3.1,-0.1
Isaiah Canaan,26,2TM,SG,20,1,422,13.5,0.539,0.482,0.372,1.5,10,5.7,26.7,1.8,0.2,15.4,18.9,0.5,0.1,0.6,0.072,-0.5,-0.7,-1.3,0.1
Isaiah Canaan,26,HOU,SG,1,0,4,-7.3,0,0,0,0,27.9,14.1,0,0,0,0,11,0,0,0,-0.224,-12.4,-4.5,-16.9,0
Isaiah Canaan,26,PHO,PG,19,1,418,13.7,0.543,0.485,0.375,1.5,9.9,5.6,26.9,1.8,0.2,15.5,19,0.5,0.1,0.7,0.075,-0.4,-0.7,-1.1,0.1
Derrick Rose,29,2TM,PG,25,7,420,11.5,0.507,0.161,0.247,3.5,5.8,4.7,13.6,0.8,0.8,14.5,25.4,-0.2,0.1,-0.2,-0.018,-2.1,-3.3,-5.4,-0.4
Derrick Rose,29,CLE,PG,16,7,308,11.6,0.523,0.182,0.311,3.7,6.8,5.3,13,0.5,1.1,15.7,25.6,-0.1,0,-0.1,-0.014,-1.8,-3.5,-5.4,-0.3
Derrick Rose,29,MIN,PG,9,0,112,11.2,0.463,0.111,0.093,3.1,3.1,3.1,15.2,1.8,0,11.1,25,-0.1,0,-0.1,-0.029,-2.9,-2.6,-5.5,-0.1
Lucas Nogueira,25,TOR,C,49,3,418,17.3,0.661,0.238,0.35,4.9,18.1,11.7,7.2,2.7,8.2,14.8,11.4,0.7,1,1.6,0.188,0.1,5,5.2,0.8
Shabazz Muhammad,25,2TM,SG,43,2,418,15.4,0.51,0.144,0.266,6.3,14.8,10.6,5.7,1.1,0.6,2.8,23,0.5,0.2,0.7,0.081,-0.3,-2.3,-2.5,-0.1
Shabazz Muhammad,25,MIN,SF,32,2,301,9.3,0.446,0.157,0.256,5.7,11.6,8.6,3.4,0.8,0.6,3.6,20.5,0,0.1,0,0.008,-3.1,-2.8,-5.9,-0.3
Shabazz Muhammad,25,MIL,SG,11,0,117,31,0.624,0.119,0.284,8,23,15.5,11.8,1.7,0.7,1.3,29.5,0.6,0.1,0.7,0.271,7,-1,6,0.2
Ivica Zubac,20,LAL,C,43,0,410,15.3,0.557,0.008,0.418,11.8,20.1,16,8.8,0.9,3,15.3,17.6,0.5,0.5,1,0.118,-1.8,-0.3,-2,0
Damion Lee,25,ATL,SG,15,11,404,12,0.489,0.395,0.191,3,16.6,9.8,11.2,2.3,0.2,7.8,19.3,0,0.4,0.4,0.046,-2.3,0.4,-1.9,0
Danuel House Jr.,24,PHO,SG,23,3,403,12.4,0.533,0.45,0.24,3.4,17,10.1,9.4,0.8,1.2,7.2,16.2,0.4,0.1,0.6,0.066,-0.8,-0.8,-1.6,0
Ramon Sessions,31,2TM,PG,28,3,392,11.2,0.479,0.222,0.487,1.7,9.1,5.4,27.2,1.8,0.4,17.4,19.3,0.1,0.3,0.3,0.039,-2.3,-0.9,-3.2,-0.1
Ramon Sessions,31,NYK,PG,13,3,167,6.2,0.403,0.208,0.283,0.7,11.2,6,21.9,2.1,0.5,20.1,19.5,-0.3,0.1,-0.2,-0.065,-5.3,0,-5.4,-0.1
Ramon Sessions,31,WAS,PG,15,0,225,14.9,0.533,0.234,0.656,2.5,7.5,5,31.1,1.5,0.4,15.4,19.1,0.4,0.1,0.5,0.116,-0.1,-1.5,-1.6,0
Ron Baker,24,NYK,SG,29,1,385,9.3,0.504,0.559,0.441,1.4,7.2,4.3,15.5,3.3,1.3,20.4,10,0.1,0.4,0.5,0.059,-2.8,2.4,-0.4,0.2
Shaquille Harrison,24,PHO,PG,23,2,384,15.6,0.54,0.21,0.306,2.5,14.7,8.5,22.2,3.2,1.5,13.5,18,0.4,0.4,0.8,0.094,-2.3,1.7,-0.7,0.1
Brandan Wright,30,2TM,PF,28,1,381,19,0.596,0,0.324,9.8,19.3,14.4,5.6,1.7,6.4,6.4,14.7,0.8,0.5,1.3,0.163,1.1,1,2.1,0.4
Brandan Wright,30,MEM,PF,27,1,366,19.3,0.595,0,0.333,9.9,19.7,14.7,5.8,1.8,6.4,6.6,14.9,0.8,0.5,1.2,0.163,1.2,1,2.3,0.4
Brandan Wright,30,HOU,PF,1,0,15,11.3,0.667,0,0,7.6,7.5,7.5,0,0,5.7,0,8.8,0,0,0,0.157,-1.5,0.3,-1.2,0
Johnny O'Bryant,24,CHO,PF,36,0,379,11.9,0.47,0.251,0.146,8.1,18.6,13.3,5.9,1.2,1.3,7.6,22.5,-0.1,0.4,0.3,0.038,-2.9,-1.5,-4.4,-0.2
Myke Henry,25,MEM,SF,20,0,378,9.7,0.472,0.532,0.092,3,8.8,5.8,8.9,4.1,1.5,14.4,15.7,-0.3,0.4,0.1,0.017,-3.1,1.8,-1.3,0.1
Mike Conley,30,MEM,PG,12,12,373,15.4,0.52,0.458,0.393,0,8.6,4.2,22.2,1.6,0.8,8.4,25.9,0.4,0.2,0.6,0.077,1.3,-0.8,0.5,0.2
Timofey Mozgov,31,BRK,C,31,13,359,12.3,0.617,0.194,0.323,9.4,19.7,14.5,4.8,0.7,2.7,23.7,16.8,0.1,0.3,0.4,0.055,-3.3,-0.6,-3.9,-0.2
Emeka Okafor,35,NOP,C,26,19,353,16.4,0.545,0,0.232,14.9,21.7,18.4,3.1,1.1,5.6,11,14.4,0.5,0.5,1,0.14,-1.1,-0.2,-1.2,0.1
Jahlil Okafor,22,2TM,C,28,0,353,15.3,0.584,0.029,0.21,6.3,19.4,12.8,5.9,0.4,3.9,12.2,21,0.3,0.3,0.6,0.083,-1.8,0,-1.7,0
Jahlil Okafor,22,PHI,C,2,0,25,8.8,0.465,0,0.444,17.9,20.7,19.4,5.8,0,6.7,21.8,23.5,0,0,0,0.005,-6.4,0.1,-6.3,0
Jahlil Okafor,22,BRK,C,26,0,328,15.8,0.593,0.031,0.194,5.5,19.3,12.3,5.9,0.4,3.6,11.4,20.9,0.3,0.3,0.6,0.089,-1.4,0,-1.4,0
JaKarr Sampson,24,SAC,SF,22,6,344,13.9,0.585,0.123,0.198,6.7,19.7,12.9,3.9,1.2,6.1,8.3,12.5,0.4,0.4,0.8,0.114,-2.3,1.1,-1.2,0.1
Glenn Robinson III,24,IND,SF,23,1,338,10.8,0.529,0.4,0.129,3.7,8.6,6.2,6.8,1.9,0.3,5.3,12.5,0.4,0.3,0.6,0.088,-1.2,0.4,-0.7,0.1
Boban Marjanović,29,2TM,C,39,1,337,26,0.616,0,0.655,15.7,31.4,23.5,11.2,1.5,2.8,15.9,29.4,1,0.5,1.5,0.215,2.3,0.2,2.5,0.4
Boban Marjanović,29,DET,C,19,1,171,21.6,0.597,0,0.57,9.5,27.7,18.4,14.4,1.2,3.1,18.2,31.3,0.2,0.3,0.5,0.138,-0.4,1.2,0.8,0.1
Boban Marjanović,29,LAC,C,20,0,166,30.6,0.637,0,0.754,22.1,35.2,28.8,7.9,1.8,2.5,13.2,27.5,0.7,0.3,1,0.293,5,-0.8,4.2,0.3
Patrick Beverley,29,LAC,SG,11,11,334,12.4,0.53,0.504,0.143,5.3,9.4,7.4,13.8,2.8,1.3,16.5,19.6,0.1,0.3,0.4,0.056,-0.3,0.8,0.5,0.2
Henry Ellenson,21,DET,PF,38,0,329,10.5,0.476,0.411,0.199,3.3,24.3,13.6,9.4,0.8,0,10.2,23.8,-0.2,0.4,0.1,0.02,-2.6,-1.9,-4.4,-0.2
Luke Kornet,22,NYK,C,20,1,326,13.6,0.516,0.632,0.088,3.8,18,10.9,11.6,0.9,4.2,8.5,19,0.2,0.3,0.5,0.077,0.4,-0.2,0.2,0.2
Malachi Richardson,22,2TM,SG,26,4,324,5.9,0.446,0.444,0.244,1.7,10.6,6,5.6,1.6,0.3,9.1,15.2,-0.2,0.1,-0.1,-0.015,-5,-1,-6,-0.3
Malachi Richardson,22,SAC,SG,25,4,319,5.8,0.445,0.443,0.25,1.7,10.4,5.9,5.7,1.6,0.3,9.3,15.2,-0.2,0.1,-0.1,-0.016,-5,-1,-6,-0.3
Malachi Richardson,22,TOR,SG,1,0,5,10.5,0.5,0.5,0,0,22,11.2,0,0,0,0,17.5,0,0,0,0.045,-5.6,-3,-8.6,0
Antonio Blakeney,21,CHI,SG,19,0,314,10.1,0.471,0.364,0.273,1.3,10.3,5.6,10.1,1.1,0.3,6.4,23.7,-0.2,0.1,0,-0.006,-2.8,-2.4,-5.2,-0.3
Troy Williams,23,2TM,SF,21,1,307,15.1,0.544,0.349,0.275,8,14.8,11.4,7.7,3.2,1.1,13.5,20.1,0.2,0.4,0.5,0.085,-1,0.5,-0.5,0.1
Troy Williams,23,HOU,SF,4,0,17,-2.4,0.242,0.556,0.333,6.7,19.7,13.3,8.6,2.9,0,8.8,29.4,-0.1,0,-0.1,-0.26,-12.4,-3.3,-15.7,-0.1
Troy Williams,23,NYK,SF,17,1,290,16.2,0.572,0.33,0.27,8.1,14.5,11.3,7.7,3.2,1.2,13.9,19.5,0.3,0.3,0.6,0.105,-0.3,0.7,0.4,0.2
Ryan Arcidiacono,23,CHI,PG,24,0,304,7.3,0.55,0.756,0.146,0.3,8.8,4.4,15.5,2.1,0,23,8.1,0.1,0.2,0.3,0.04,-4.7,0.6,-4.1,-0.2
Rodney McGruder,26,MIA,SG,18,2,299,12,0.595,0.479,0.11,4.1,8.3,6.2,8.4,1.3,0.9,5,12.1,0.5,0.3,0.8,0.125,-1,-0.3,-1.4,0.1
Rodney Purvis,23,ORL,SG,16,2,290,4.5,0.423,0.486,0.14,0.4,9.9,5.1,8.5,0.5,0.8,8.1,18.7,-0.4,0.1,-0.3,-0.056,-6.1,-2.1,-8.2,-0.5
Jason Smith,31,WAS,C,33,2,285,8.8,0.455,0.278,0.183,7.2,13.9,10.5,7.4,0.5,4,11.4,21.7,-0.2,0.3,0,0.003,-5.4,-1,-6.4,-0.3
Jordan Mickey,23,MIA,PF,23,3,284,10.6,0.515,0.195,0.232,7.1,24.9,16,4.8,1.1,3,16.6,17.1,-0.1,0.4,0.3,0.054,-5.2,-0.3,-5.6,-0.3
Jamel Artis,25,ORL,SG,15,1,279,6.9,0.457,0.367,0.152,1.6,13.5,7.5,9.3,0.4,0.9,8.7,14.5,-0.1,0.1,0,-0.006,-3.8,-1.6,-5.4,-0.2
Juancho Hernangómez,22,DEN,PF,25,3,277,9.7,0.511,0.667,0.16,7.4,14.6,11,5.9,1.1,0.9,10.1,14,0.2,0.1,0.4,0.061,-1.6,-1.7,-3.3,-0.1
Iman Shumpert,27,CLE,SG,14,6,276,6.4,0.48,0.448,0.259,2.9,13.6,8.3,8.1,1.6,1.2,19.9,12.9,-0.2,0.2,0,-0.006,-3.4,0,-3.3,-0.1
Jamil Wilson,27,LAC,SF,15,10,274,11.4,0.634,0.778,0.049,1.2,11.5,6.4,5.2,0.9,2.4,8.8,14.3,0.4,0.2,0.5,0.096,0,0.2,0.2,0.2
Tony Allen,36,NOP,SF,22,0,273,8.7,0.514,0.132,0.231,8.2,10.4,9.3,4.6,1.9,0.9,15.9,18.9,-0.2,0.2,0.1,0.017,-5.2,-0.3,-5.5,-0.2
Meyers Leonard,25,POR,C,33,2,254,17.8,0.676,0.333,0.141,5.2,24.7,15,10.6,1.4,0,10.8,16.1,0.7,0.3,1.1,0.2,1,0.9,2,0.3
Markelle Fultz,19,PHI,SG,14,0,253,12.4,0.416,0.009,0.189,4.9,13.1,9.2,31.3,2.3,1.3,12.4,23.1,-0.2,0.4,0.2,0.043,-3.3,0.7,-2.6,0
Derrick Jones Jr.,20,2TM,SF,20,8,245,10.1,0.48,0.34,0.453,9.6,7.8,8.7,5.1,0.8,4.4,9.9,12.9,0.1,0.2,0.4,0.075,-2.9,0.2,-2.7,0
Derrick Jones Jr.,20,PHO,SF,6,0,33,18.4,0.678,0.5,1.5,6.4,6.6,6.5,12.3,1.5,9.8,13.1,9.8,0.1,0,0.1,0.177,2,2.8,4.8,0.1
Derrick Jones Jr.,20,MIA,SF,14,8,212,8.8,0.457,0.327,0.367,10.1,8,9,4,0.7,3.6,9.5,13.3,0,0.2,0.3,0.059,-3.7,-0.2,-3.9,-0.1
Davon Reed,22,PHO,SG,21,1,242,4.8,0.388,0.5,0.158,0.9,16.6,8.6,7.6,2,0.7,11,16,-0.5,0.2,-0.3,-0.06,-5.8,-0.6,-6.4,-0.3
Isaiah Hicks,23,NYK,PF,18,0,240,6.8,0.501,0.125,0.25,4.6,14.3,9.5,9.5,0.4,1.4,16.7,17.4,-0.1,0.1,0,-0.003,-6.4,-1.2,-7.6,-0.3
Briante Weber,25,2TM,PG,18,0,237,10.1,0.527,0.256,0.233,3.8,13.1,8.4,13.1,3.8,1.9,24,11.7,0,0.4,0.4,0.072,-4.1,2.8,-1.3,0
Briante Weber,25,HOU,PG,13,0,118,11.1,0.547,0.409,0.182,2.9,14.2,8.6,15.2,4.2,2.2,22.8,11.5,0.1,0.2,0.3,0.119,-3.1,4.6,1.5,0.1
Briante Weber,25,MEM,PG,5,0,119,9.2,0.508,0.095,0.286,4.8,11.9,8.3,11.1,3.4,1.6,25.3,11.9,-0.1,0.1,0.1,0.025,-5,1,-4,-0.1
Guerschon Yabusele,22,BOS,PF,33,4,235,12.3,0.559,0.607,0.361,8,16.1,12.1,10,0.9,1.8,14.5,15.7,0.3,0.3,0.6,0.122,-1.4,0.2,-1.2,0
Dante Exum,22,UTA,PG,14,0,235,16.7,0.566,0.207,0.356,2,10.5,6.3,29.7,1.7,1.1,16.6,23.1,0.3,0.3,0.7,0.133,-0.3,0.4,0.1,0.1
Aaron Harrison,23,DAL,SG,9,3,233,5.1,0.392,0.623,0.246,1.8,9.9,5.7,6.7,1.9,0.8,3.8,15.5,-0.3,0.2,-0.1,-0.014,-6.8,-0.6,-7.5,-0.3
Travis Wear,27,LAL,SF,17,0,228,6.9,0.497,0.653,0.111,0,17.6,8.9,4.2,0.8,1.8,7.4,15.2,0,0.2,0.2,0.042,-3.7,0,-3.7,-0.1
Alec Peters,22,PHO,PF,20,0,225,10.7,0.523,0.784,0.135,3.7,14,8.8,7.9,0.4,0.7,4.9,15.5,0.2,0,0.3,0.055,-0.5,-2.3,-2.8,0
Marcus Georges-Hunt,23,MIN,SG,42,0,224,6.9,0.515,0.313,0.438,3.6,4.7,4.1,4.1,1.3,0,5,11.9,0.2,0,0.2,0.049,-4.3,-0.9,-5.1,-0.2
Gary Payton II,25,2TM,PG,23,6,221,9.8,0.443,0.338,0.122,6.5,15.5,11,13.7,1.5,1.1,8.2,16.8,0,0.2,0.2,0.041,-3.5,-0.4,-3.9,-0.1
Gary Payton II,25,MIL,PG,12,6,106,7.5,0.437,0.364,0.091,4.4,14.3,9.4,12.2,1.4,0.8,8,15.9,0,0.1,0,0.016,-4.6,-0.7,-5.3,-0.1
Gary Payton II,25,LAL,PG,11,0,115,11.8,0.447,0.317,0.146,8.4,16.5,12.5,15.1,1.7,1.4,8.4,17.6,0,0.1,0.2,0.063,-2.5,-0.1,-2.6,0
Andrew Bogut,33,LAL,C,24,5,216,10.9,0.696,0,0.08,12.9,25.4,19.2,9.1,0.9,4.9,42.3,8.8,0.1,0.3,0.4,0.094,-4.7,1.9,-2.8,-0.1
Josh Magette,28,ATL,PG,18,0,216,11.9,0.464,0.478,0.174,1,8.8,4.9,36.4,1.8,0.4,15.4,11.8,0.3,0.1,0.4,0.092,-2,-0.6,-2.6,0
Ante Žižić,21,CLE,C,32,2,214,24.2,0.746,0,0.433,12.8,18.6,15.7,3.8,0.5,5.2,12.1,18.8,0.9,0.2,1,0.231,1.9,-0.9,1,0.2
Rashad Vaughn,21,3TM,SG,28,0,212,9.3,0.546,0.661,0.107,1.6,9.8,5.7,8.7,1.2,1.2,9.3,13.7,0.1,0.1,0.2,0.05,-1.3,-1.4,-2.6,0
Rashad Vaughn,21,MIL,SG,22,0,173,11.1,0.56,0.7,0.12,1.4,10.1,5.8,9.9,1.2,1.5,7.1,14.8,0.2,0.1,0.3,0.073,-0.1,-1.2,-1.3,0
Rashad Vaughn,21,BRK,SG,1,0,4,4.1,,,,0,0,0,31.7,0,0,,0,0,0,0,0.106,-5,-0.2,-5.3,0
Rashad Vaughn,21,ORL,SG,5,0,35,1.1,0.417,0.333,0,3.1,9.5,6.3,0,1.4,0,25,10.1,-0.1,0,-0.1,-0.07,-6.8,-2.2,-9,-0.1
Kawhi Leonard,26,SAS,SF,9,9,210,26,0.572,0.315,0.342,3.1,19.1,11.1,17.7,4.3,3.6,11.1,30.6,0.3,0.5,0.9,0.196,5.2,4.9,10.1,0.6
Andrew White,24,ATL,SF,15,0,209,5.8,0.461,0.671,0.055,2.1,16,9.1,4.3,0.7,0.4,9.7,17.3,-0.2,0.1,-0.1,-0.034,-3.4,-2.1,-5.5,-0.2
Brandon Jennings,28,MIL,PG,14,0,205,12.7,0.478,0.458,0.139,2.9,14.8,8.9,31.1,1.5,1.7,19.1,20.8,0,0.1,0.1,0.026,-1.2,-2.2,-3.4,-0.1
Quincy Pondexter,29,CHI,SF,23,1,196,4,0.398,0.449,0.347,4.2,10.8,7.4,6.3,2,0.9,16.3,15,-0.3,0.1,-0.2,-0.047,-7,-0.4,-7.4,-0.3
MarShon Brooks,29,MEM,SG,7,1,193,26.1,0.629,0.314,0.225,4.7,8,6.3,25.9,2.9,1.5,12.5,29.8,0.6,0.2,0.7,0.179,7.5,-0.4,7.1,0.4
Aaron Brooks,33,MIN,PG,32,1,189,9.8,0.508,0.449,0.159,4.2,6.2,5.2,15.1,1.6,0,13,19.9,0.1,0.1,0.1,0.033,-2.6,-1.3,-3.8,-0.1
Caleb Swanigan,20,POR,PF,27,3,189,7.5,0.449,0.133,0.3,8.7,22.3,15.6,10.8,1.3,1.3,20.9,20,-0.3,0.3,0,-0.003,-6.6,1.2,-5.5,-0.2
Solomon Hill,26,NOP,SF,12,1,187,4.8,0.332,0.512,0.146,5.4,15.1,10.4,14.4,1.8,0.4,17.1,12.2,-0.2,0.2,-0.1,-0.014,-5.3,0.5,-4.8,-0.1
Ömer Aşık,31,2TM,C,18,0,182,3.1,0.397,0,0.591,5.5,22.2,14,2.1,0.5,1.9,24.5,8.7,-0.2,0.2,-0.1,-0.021,-6.5,-1.5,-8,-0.3
Ömer Aşık,31,NOP,C,14,0,121,4.5,0.423,0,0.75,6.5,26,16.6,2,0.4,1.3,19,9.4,-0.1,0.1,0,0.008,-5.6,-1.4,-7,-0.2
Ömer Aşık,31,CHI,C,4,0,61,0.2,0.311,0,0.167,3.4,14.6,8.8,2.1,0.8,2.9,38.3,7.4,-0.1,0,-0.1,-0.078,-8.5,-1.5,-10,-0.1
Jalen Jones,24,2TM,SF,16,0,181,10.3,0.485,0.382,0.279,7.7,15.7,11.6,3.5,1.4,0.5,8.4,20.9,0,0.1,0.1,0.027,-3.4,-2.6,-6,-0.2
Jalen Jones,24,NOP,SF,4,0,19,5,0.512,0.25,0.5,0,16.5,8.6,0,0,0,0,11.1,0,0,0,0.055,-4.3,-3,-7.3,0
Jalen Jones,24,DAL,SF,12,0,162,10.9,0.483,0.391,0.266,8.6,15.6,12,3.9,1.5,0.5,8.9,22,-0.1,0.1,0.1,0.024,-3.3,-2.6,-5.9,-0.2
Isaiah Whitehead,22,BRK,PG,16,0,180,11.5,0.53,0.209,0.221,2.3,13.1,7.7,19.6,2.2,0.8,20.3,28.5,-0.3,0.2,-0.1,-0.035,-3.4,-0.4,-3.8,-0.1
Johnathan Motley,22,DAL,PF,11,4,176,17.2,0.55,0.08,0.373,8.5,22.9,15.5,7.1,0.9,1,9.3,24.9,0.1,0.2,0.3,0.084,-1.3,-2,-3.3,-0.1
Julyan Stone,29,CHO,SG,23,0,175,7.6,0.684,1,0.154,0.6,17.6,9,19.2,1.1,1,33.5,5.2,0.2,0.2,0.3,0.087,-3.2,1.9,-1.3,0
John Holland,29,CLE,SF,24,0,174,5.9,0.417,0.61,0.22,3.9,11.4,7.7,3.9,2,1,11,18.5,-0.3,0.1,-0.2,-0.05,-3.6,-1.9,-5.5,-0.2
Richard Jefferson,37,DEN,SF,20,0,163,6.4,0.499,0.259,0.259,1.4,10.3,5.9,12,0.6,0.5,14.3,9.4,0.1,0,0.1,0.029,-3.5,-0.8,-4.3,-0.1
Dakari Johnson,22,OKC,C,31,6,161,16.4,0.575,0,0.513,10.7,12.8,11.7,7.2,1.8,4.5,5.9,13.5,0.4,0.2,0.6,0.178,-1.2,0.9,-0.3,0.1
Jake Layman,23,POR,SF,35,1,160,4.9,0.352,0.426,0.064,2.8,8.1,5.5,9.4,1.9,2,9.4,14.6,-0.3,0.2,-0.1,-0.021,-4.8,0.4,-4.3,-0.1
Mirza Teletović,32,MIL,PF,10,0,159,13.5,0.623,0.789,0,2.2,14.7,8.5,9.5,1.3,0.5,10.9,18.2,0.2,0.1,0.3,0.09,2.1,-1.7,0.4,0.1
Damien Wilkins,38,IND,SF,19,1,152,4.9,0.405,0.462,0.103,3.7,8.1,5.9,7.8,0.7,0.6,10.9,13.4,-0.1,0.1,-0.1,-0.019,-4.2,-1.9,-6.1,-0.2
Derrick Walton,22,MIA,PG,16,0,147,11.2,0.525,0.68,0.24,1.5,10.7,6.1,14.6,2.4,1.7,6.7,9.1,0.2,0.2,0.4,0.128,-1.1,2.4,1.3,0.1
Darrell Arthur,29,DEN,PF,19,1,141,8.4,0.559,0.489,0.064,2.4,9.5,6,9.3,2.8,1.8,23.7,19.5,-0.2,0.1,0,-0.011,-4.8,-0.5,-5.3,-0.1
Kay Felder,22,2TM,PG,16,0,140,3.6,0.379,0.271,0.171,2.3,12,6.9,22,1,0.6,17.5,28.4,-0.6,0.1,-0.5,-0.175,-7.7,-3.4,-11.1,-0.3
Kay Felder,22,CHI,PG,14,0,134,3.6,0.386,0.273,0.182,0.8,10.8,5.6,23,1.1,0.7,17.4,28,-0.5,0.1,-0.5,-0.168,-7.4,-3.2,-10.7,-0.3
Kay Felder,22,DET,PG,2,0,6,2,0.25,0.25,0,36,37.6,36.8,0,0,0,20,36.9,0,0,0,-0.336,-12.9,-8.5,-21.4,0
Derrick White,23,SAS,PG,17,0,139,15.9,0.646,0.394,0.606,4,16.9,10.4,9.3,1.5,1.8,12.6,15.4,0.3,0.2,0.5,0.17,0.8,1.5,2.3,0.2
Lorenzo Brown,27,TOR,PG,14,0,139,8.2,0.459,0.353,0.059,0.8,11.1,6,12.4,1.8,0,7.9,11.9,0,0.1,0.2,0.06,-3.9,1.5,-2.5,0
Jon Leuer,28,DET,PF,8,0,136,8.9,0.505,0.083,0.417,5.6,20.7,13,5.3,0.4,2,14.1,16.2,0,0.1,0.1,0.05,-4.3,-0.3,-4.6,-0.1
Malcolm Miller,24,TOR,SF,15,4,126,8.9,0.638,0.75,0.143,3.6,9.6,6.7,3.2,0.4,1.3,14.4,12.1,0.1,0.1,0.2,0.087,-0.8,-0.2,-1,0
Milton Doyle,24,BRK,SG,10,0,125,5.2,0.337,0.489,0.17,2.5,12.9,7.6,11.7,2.3,1.2,3.8,18.2,-0.3,0.1,-0.1,-0.052,-6.6,-0.2,-6.8,-0.1
Zhou Qi,22,HOU,C,18,0,124,1.9,0.295,0.594,0.375,5.5,14.4,10,2.1,0.8,9.6,21.2,16.8,-0.5,0.2,-0.3,-0.104,-10.3,0.2,-10.1,-0.3
Antonius Cleveland,23,2TM,SG,17,0,123,4.5,0.486,0.19,0.286,2.7,10.2,6.3,2.2,2.8,3.6,22.8,11.1,-0.2,0.2,0,-0.006,-7.6,2.4,-5.2,-0.1
Antonius Cleveland,23,DAL,SG,13,0,81,5.1,0.317,0.071,0.286,2.6,11.4,6.9,3.3,3.7,4.4,11.3,10,-0.1,0.1,0,-0.005,-7.3,4,-3.3,0
Antonius Cleveland,23,ATL,SG,4,0,42,3.5,0.825,0.429,0.286,2.7,8,5.3,0,1.2,2,38.8,13.4,0,0,0,-0.009,-8.3,-0.7,-9,-0.1
Georgios Papagiannis,20,2TM,C,17,0,122,12.2,0.429,0,0,11.6,23.4,17.2,11.2,1.6,4.7,16,18.4,-0.1,0.1,0,0.005,-3.9,-0.3,-4.1,-0.1
Georgios Papagiannis,20,SAC,C,16,0,118,10.7,0.415,0,0,11.1,24.2,17.4,11.5,0.9,4.8,16.3,18.7,-0.2,0.1,0,-0.018,-4.7,-1,-5.6,-0.1
Georgios Papagiannis,20,POR,C,1,0,4,58.1,1,0,0,27.5,0,13.6,0,24.9,0,0,11,0,0,0.1,0.675,20.2,19.7,39.9,0
Nigel Hayes,23,3TM,SF,9,0,122,6.4,0.393,0.485,0.091,3.6,17.5,10.3,6.7,0.8,2.3,5.5,13.3,-0.2,0.1,-0.1,-0.034,-3.7,-0.1,-3.8,-0.1
Nigel Hayes,23,LAL,SF,2,0,11,9.8,0.436,0.667,0.333,0,0,0,24.3,0,0,0,13.3,0,0,0,0.069,-0.2,-1.5,-1.7,0
Nigel Hayes,23,TOR,SF,2,0,6,34.9,1.5,1,0,0,0,0,0,0,0,33.3,21.9,0,0,0,0.018,17.4,0.8,18.2,0
Nigel Hayes,23,SAC,SF,5,0,105,4.4,0.312,0.429,0.071,4.2,20.4,11.9,5.2,1,2.7,3.3,12.8,-0.2,0.1,-0.1,-0.048,-5.2,0,-5.2,-0.1
James Webb III,24,BRK,SF,10,0,120,2.2,0.333,0.792,0,7,14.3,10.6,4.5,0.4,0,14.3,10.1,-0.1,0,-0.1,-0.041,-5.5,-2.8,-8.3,-0.2
Xavier Rathan-Mayes,23,MEM,SG,5,0,118,0.9,0.315,0.333,0.214,0,5,2.5,23,2.6,2.4,19.3,21.7,-0.5,0.1,-0.4,-0.171,-9.9,-1.6,-11.5,-0.3
Bobby Brown,33,HOU,PG,20,0,115,5.5,0.425,0.69,0.034,0,6.8,3.4,15,1.7,0,13.3,26.1,-0.3,0.1,-0.2,-0.08,-4.9,-2.3,-7.2,-0.2
Jabari Bird,23,BOS,SG,13,1,115,12.1,0.615,0.269,0.5,5.8,12.2,9,10.5,1.3,0.7,20.1,15.4,0.1,0.2,0.2,0.098,-2.7,-0.4,-3.1,0
Kadeem Allen,25,BOS,PG,18,1,107,2.6,0.366,0.5,0.409,4.1,7.1,5.6,15.2,1.4,1.6,25.7,14.6,-0.2,0.1,-0.1,-0.038,-8.3,0.6,-7.7,-0.2
Bruno Caboclo,22,2TM,SF,12,0,107,7.4,0.386,0.548,0.194,7.1,16.6,11.7,5,1.4,3.5,10.6,15.8,-0.1,0.1,0,-0.021,-4.8,-1,-5.8,-0.1
Bruno Caboclo,22,TOR,SF,2,0,7,-0.1,0,1,0,0,15.7,8,16.7,7,0,0,12.5,0,0,0,-0.113,-8.2,5.7,-2.6,0
Bruno Caboclo,22,SAC,SF,10,0,100,7.9,0.411,0.517,0.207,7.6,16.6,12,4.2,1,3.8,11.2,16,-0.1,0.1,0,-0.015,-4.5,-1.5,-6.1,-0.1
Alex Poythress,24,IND,PF,25,0,104,7.8,0.5,0.423,0,7.7,10.8,9.2,2.6,1.4,0.9,7.1,12,0.1,0.1,0.1,0.066,-3.8,-1.3,-5.1,-0.1
Jaylen Morris,22,ATL,SG,6,0,98,6.5,0.438,0.313,0,2.3,15.9,9.1,10.8,1,0.9,15.8,16.9,-0.2,0.1,-0.1,-0.053,-4.4,-1,-5.4,-0.1
Brice Johnson,23,2TM,PF,18,0,98,18.2,0.486,0.024,0.119,10.4,25.5,17.9,3.4,4.5,5.5,10.2,22.3,0,0.2,0.2,0.082,-2.1,1.7,-0.4,0
Brice Johnson,23,LAC,PF,9,0,38,21.3,0.673,0.091,0.182,5.9,31.4,18.8,4,7.7,4.4,25.2,18,0,0.1,0.1,0.168,-2.2,6.8,4.5,0.1
Brice Johnson,23,MEM,PF,9,0,60,16.2,0.418,0,0.097,13.2,21.7,17.4,3,2.5,6.2,3,24.9,-0.1,0.1,0,0.028,-2,-1.6,-3.6,0
Darrun Hilliard,24,SAS,SG,14,0,95,3.4,0.362,0.316,0.368,0,8.2,4.1,15.3,1.1,0,15.3,12.3,-0.1,0.1,0,-0.015,-7.1,-0.8,-7.9,-0.1
Chris McCullough,22,WAS,PF,19,0,90,15.8,0.478,0.19,0.333,8.8,22.6,15.7,7.1,0,4.9,4,24.6,0.1,0.1,0.2,0.081,-0.3,-1.5,-1.8,0
Damian Jones,22,GSW,C,15,0,89,6.8,0.517,0,0.227,6.8,10.6,8.8,2.9,0.5,2.7,14.2,13.9,0,0.1,0.1,0.031,-5.3,-1.8,-7.1,-0.1
Jack Cooley,26,SAC,PF,7,0,87,19.7,0.566,0,0.704,17.6,21.9,19.6,10.5,0.6,0,7.8,19.8,0.3,0,0.3,0.182,0.9,-1.4,-0.6,0
Josh Gray,24,PHO,PG,5,0,86,7.2,0.349,0.317,0.268,2.4,10.1,6.2,20.8,4.5,1.9,13.2,26.1,-0.3,0.1,-0.2,-0.118,-5.2,1,-4.2,0
Furkan Korkmaz,20,PHI,SG,14,0,80,3.4,0.386,0.607,0.143,2.8,11.7,7.4,6.7,1.2,1,6.3,16.9,-0.1,0.1,0,-0.006,-6.6,-1,-7.6,-0.1
Wade Baldwin,21,POR,PG,7,0,80,16.6,0.748,0.238,0.476,1.4,9.5,5.5,9.8,1.2,1,13.6,16.1,0.2,0.1,0.3,0.187,0.2,1.7,1.9,0.1
Okaro White,25,MIA,PF,6,4,80,8.9,0.577,0.688,0.188,4.2,11.2,7.7,3.5,0.6,1.1,5.5,10.3,0.1,0.1,0.2,0.096,-1,0.3,-0.7,0
Demetrius Jackson,23,2TM,PG,15,0,80,5.4,0.424,0.389,0.111,7.1,9.8,8.4,15.9,3.1,1.1,34.6,15.8,-0.2,0.1,-0.1,-0.047,-6.1,0.9,-5.2,-0.1
Demetrius Jackson,23,HOU,PG,12,0,63,0.2,0.286,0.429,0,7.2,12.4,9.8,10.7,3.1,1.3,39.1,16.1,-0.3,0.1,-0.2,-0.14,-9.2,0.6,-8.5,-0.1
Demetrius Jackson,23,PHI,PG,3,0,17,24.5,0.82,0.25,0.5,6.6,0,3.2,35.1,2.8,0,17,14.8,0.1,0,0.1,0.298,5.3,2.1,7.3,0
Nick Collison,37,OKC,PF,15,0,75,13.2,0.627,0,0.684,10,19.9,14.8,8.2,0,0,22.1,18.2,0.1,0,0.1,0.064,-2.3,-1.9,-4.2,0
Omari Johnson,28,MEM,PF,4,0,75,10.5,0.524,0.571,0,6,11.1,8.5,14.5,1.3,0,12.5,14.4,0.1,0,0.1,0.053,-1.8,-2.7,-4.5,0
Marquis Teague,24,MEM,PG,3,0,74,5.7,0.302,0.25,0.313,1.5,8,4.7,24.7,2.7,0,14.2,12.9,-0.1,0,-0.1,-0.038,-5.4,-0.4,-5.7,-0.1
Thomas Bryant,20,LAL,C,15,0,72,9.9,0.441,0.476,0.429,4.5,20.5,12.6,11.5,0.7,2.3,7.4,15.9,0,0.1,0.1,0.05,-3.1,-0.2,-3.3,0
Udonis Haslem,37,MIA,C,14,0,72,1.8,0.252,0.533,0.133,4.7,10.9,7.8,9.2,0,2.4,11.2,11.1,-0.1,0.1,-0.1,-0.059,-5.9,-1.8,-7.7,-0.1
D.J. Wilson,21,MIL,PF,22,0,71,10.3,0.622,0.313,0.125,3.3,13.2,8.3,6.1,2.1,1.2,19.2,13.3,0,0.1,0.1,0.054,-2,0,-2,0
Alan Williams,25,PHO,PF,5,0,70,9.3,0.455,0,0.5,4.5,29.5,16.8,16.3,3.4,1.2,24.2,17.5,-0.1,0.1,0,-0.004,-7.3,2.3,-5,-0.1
Larry Drew II,27,2TM,PG,10,0,70,2.9,0.354,0.375,0,4.8,0,2.3,18.5,0,0,11.1,16.6,-0.1,0,-0.1,-0.061,-5.6,-3.4,-9,-0.1
Larry Drew II,27,PHI,PG,3,0,15,-9.4,0.143,0.429,0,7.5,0,3.6,17.1,0,0,12.5,22.8,-0.1,0,-0.1,-0.299,-15.2,-7.4,-22.6,-0.1
Larry Drew II,27,NOP,PG,7,0,55,6.3,0.441,0.353,0,4.1,0,2,18.9,0,0,10.5,15,0,0,0,0.003,-3,-2.3,-5.3,0
London Perrantes,23,CLE,PG,14,0,66,0.7,0.23,0.231,0.385,1.7,5,3.4,9.4,1.5,1.3,6.2,10.9,-0.1,0,-0.1,-0.086,-8.3,-0.9,-9.2,-0.1
Gian Clavell,24,DAL,SG,7,0,64,7.4,0.53,0.833,0.111,1.7,10.8,6.1,6.7,1.6,0,9.6,14.8,0,0,0.1,0.042,-2.7,0.5,-2.2,0
Andre Ingram,32,LAL,SG,2,0,64,16.3,0.655,0.529,0.176,1.7,8.3,5,15.3,2.2,3.8,14.1,14.1,0.1,0.1,0.2,0.157,1.7,2.5,4.3,0.1
James Young,22,PHI,SG,6,0,61,4.6,0.511,0.714,0.429,0,3.4,1.8,4.3,0,0,5.7,12.3,0,0,0.1,0.041,-4.5,-2.4,-6.9,-0.1
Kyle Singler,29,OKC,SF,12,0,59,5.9,0.43,0.238,0.619,1.8,17.5,9.4,4.8,0.8,0,10.1,21.6,-0.1,0,0,-0.031,-5,-1.6,-6.7,-0.1
Alfonzo McKinnie,25,TOR,SF,14,0,53,10.1,0.643,0.6,0.2,2.2,12.4,7.4,2.7,0.9,1.5,15.5,16,0,0.1,0.1,0.084,-2.6,-0.4,-3,0
Jordan Crawford,29,NOP,SG,5,0,53,19.1,0.601,0.519,0.037,4.2,4,4.1,37.7,0.9,1.5,15.4,26.5,0.1,0,0.2,0.15,4.9,-0.7,4.2,0.1
Marshall Plumlee,25,MIL,C,8,0,52,10.9,0.697,0,5.333,9,29.2,19.2,4.8,0,1.6,23,11.3,0.1,0,0.2,0.143,-3.9,-0.6,-4.5,0
Cole Aldrich,29,MIN,C,21,0,49,6,0.34,0,0.4,7,28.6,17.6,8.2,2,1.8,5.4,16.8,-0.1,0.1,0,-0.013,-6.8,-0.7,-7.5,-0.1
Vander Blue,25,LAL,SG,5,0,45,-1.8,0.255,0.4,0.4,0,2.3,1.2,8.2,1.1,0,33.8,8.4,-0.1,0,-0.1,-0.102,-7.6,-0.7,-8.4,-0.1
R.J. Hunter,24,HOU,SG,5,1,45,8.5,0.455,0.7,0.1,0,12.4,6.3,10.3,3.3,0,8.7,22.5,0,0.1,0,0.022,-5.2,1.9,-3.3,0
Adreian Payne,26,ORL,PF,5,0,43,18.8,0.831,0.3,0.6,5.1,18,11.5,0,2.3,0,13.7,15,0.1,0,0.2,0.203,1.8,0.6,2.4,0
Joakim Noah,32,NYK,C,7,0,40,15.6,0.51,0,0.4,16.7,22.1,19.4,14,2.5,4.3,25.4,17.2,0,0.1,0.1,0.072,-2.5,1.7,-0.8,0
Jonathan Gibson,30,BOS,PG,4,0,40,25.4,0.739,0.522,0,0,8.1,4.1,22.6,0,0,11.5,29,0.1,0,0.2,0.195,4.9,-0.8,4.1,0.1
Jeff Withey,27,DAL,C,10,0,39,8.3,0.444,0.625,0.125,2.8,26.6,14.2,0,0,6.8,10.6,22,-0.1,0.1,0,-0.054,-4.4,-0.6,-5,0
Charles Cooke,23,NOP,SG,13,0,38,-5.1,0.202,0.571,0.143,0,5.5,2.9,3.2,1.3,0,6.3,18.1,-0.2,0,-0.2,-0.239,-10.4,-4,-14.4,-0.1
Joel Bolomboy,24,MIL,PF,6,0,38,11.7,0.521,0.167,1,18.6,12.3,15.4,0,2.6,0,18.8,12.6,0,0,0.1,0.079,-2.6,-2.4,-5,0
Walt Lemon Jr.,25,NOP,PG,5,0,35,6.9,0.491,0.063,0.188,0,6,3.1,21.1,0,2.3,18.8,26.4,-0.1,0,-0.1,-0.071,-5.3,-2.9,-8.2,-0.1
Aaron Jackson,31,HOU,PG,1,0,35,2.4,0.405,0.444,0.222,6.5,3.2,4.8,4,0,0,9.2,13.7,0,0,0,-0.017,-6.6,-2.3,-8.9,-0.1
Jacob Wiley,23,BRK,PF,5,0,33,8.2,0.41,0.5,0.5,6.4,29.2,17.7,8,1.5,0,0,6.4,0,0,0.1,0.094,-3.6,1.4,-2.3,0
Georges Niang,24,UTA,PF,9,0,32,9.2,0.379,0.364,0.182,10.8,21.1,16,14,3.1,0,20.2,20.9,-0.1,0.1,0,-0.029,-4.9,0.9,-4,0
Matt Costello,24,SAS,C,4,0,32,9.7,0.5,0,0,3.4,27.9,15.6,8.3,3.2,5.2,20,7,0,0.1,0.1,0.127,-6,5.3,-0.7,0
Markel Brown,26,HOU,SG,4,0,31,-1.2,0.357,0.714,0,3.7,14.4,9.1,8.7,0,0,22.2,12.8,-0.1,0,0,-0.063,-8.8,-2,-10.8,-0.1
Ike Anigbogu,19,IND,C,11,0,30,21.6,0.558,0,0.667,19,15,16.9,0,1.7,8.9,14.7,20.3,0.1,0,0.1,0.165,1.8,0.1,1.9,0
Tony Bradley,20,UTA,C,9,0,29,9.5,0.337,0.091,0.182,15.8,27.1,21.5,5,0,0,0,18.4,0,0,0,0.033,-3,-4.5,-7.5,0
Daniel Hamilton,22,OKC,SG,6,0,28,18.2,0.545,0.455,0,0,20.5,9.9,44.2,1.8,0,15.4,19.9,0.1,0,0.1,0.169,1,1.3,2.3,0
Marcus Paige,24,CHO,PG,5,0,28,9.1,0.403,0.571,0.143,0,15.7,7.7,16.1,0,0,0,23,0,0,0,-0.006,-5.6,-3.2,-8.8,0
Jameel Warney,24,DAL,PF,3,0,27,22.6,0.599,0,0.417,15.9,21.3,18.5,0,0,0,6.6,25.6,0.1,0,0.1,0.157,2.5,-2.7,-0.2,0
Monte Morris,22,DEN,PG,3,0,25,27.1,0.727,0.167,0.333,0,9,4.5,41.2,5.9,0,12.7,13.7,0.1,0,0.2,0.312,4.3,5,9.4,0.1
Jeremy Lin,29,BRK,PG,1,1,25,15.9,0.597,0.167,0.583,0,0,0,27.1,0,0,16.6,31.3,0,0,0,0.087,-1,-4.4,-5.4,0
Chinanu Onuaku,21,HOU,C,1,0,22,-3.2,0.4,0,0,5.2,15.2,10.2,6.4,0,0,37.5,16.1,-0.1,0,-0.1,-0.147,-13,-1.7,-14.7,-0.1
Xavier Munford,25,MIL,SG,6,0,21,-2.1,0.218,0.333,0.333,5.6,0,2.8,24.6,2.4,0,22.5,19.1,-0.1,0,-0.1,-0.197,-9.3,-2,-11.3,0
Mangok Mathiang,25,CHO,C,4,0,20,18,0.538,0,0.143,16,38.5,27.1,0,2.4,0,0,16.1,0,0,0.1,0.183,-3.3,-1.3,-4.6,0
Nate Wolters,26,UTA,PG,5,0,19,-2.9,0.167,0,0,6,5.9,6,7.1,0,0,0,14.2,-0.1,0,-0.1,-0.137,-9.4,-3.4,-12.8,-0.1
James Michael McAdoo,25,PHI,PF,3,0,18,7.4,0.508,1,0.286,0,11.5,6,0,0,4.6,11.3,21,0,0,0,0.023,-2.3,-0.7,-3,0
Kendrick Perkins,33,CLE,C,1,0,15,8.4,0.521,0,1,0,7.4,3.7,17.3,3.3,0,25.8,11.4,0,0,0,0.026,-4.3,2.1,-2.2,0
Tim Quarterman,23,HOU,SG,3,0,13,2.9,0.515,0.667,0.667,0,25.8,13,10.6,0,0,34,20,0,0,0,-0.083,-8.5,-1.2,-9.7,0
Luol Deng,32,LAL,SF,1,1,13,5.5,0.5,0,0,0,0,0,10.1,3.7,0,33.3,9.8,0,0,0,-0.018,-5.3,2.4,-2.9,0
Devin Robinson,22,WAS,SF,1,0,13,10.5,0.333,0,0,17.4,26,21.7,0,3.8,0,0,10.2,0,0,0,0.098,-4.2,2.1,-2.1,0
Josh Smith,32,NOP,PF,3,0,12,3.5,0.25,0,0,28.1,8.7,18.1,0,0,0,0,14.4,0,0,0,-0.013,-8.4,-6.2,-14.6,0
Matt Williams,24,MIA,SG,3,0,11,-0.7,0.417,0.833,0,0,10.2,5.1,0,0,0,14.3,28.6,-0.1,0,0,-0.197,-7,-4.2,-11.2,0
Nicolás Brussino,24,ATL,SF,4,0,10,-4.6,0,1,0,0,33.5,16.7,0,0,0,0,8.7,0,0,0,-0.18,-8.1,-3.2,-11.3,0
David Stockton,26,UTA,PG,3,0,9,33.9,1.05,1,1.333,0,0,0,0,0,0,17.4,28.8,0.1,0,0.1,0.459,6.7,1.1,7.9,0
Ben Moore,22,IND,PF,2,0,9,-2.3,,,,0,12.5,6.3,13.1,0,0,,0,0,0,0,0.072,-10.5,1.3,-9.3,0
Derrick Williams,26,LAL,PF,2,0,9,-3.2,0.25,0.5,0,0,11.7,5.9,0,0,0,0,18.9,0,0,0,-0.191,-9.8,-7,-16.8,0
Jarell Eddie,26,2TM,SF,3,0,9,-1.9,0,1,0,0,12,6.1,0,5.6,0,0,9.8,0,0,0,-0.142,-9.1,0.8,-8.3,0
Jarell Eddie,26,BOS,SF,2,0,6,4,0,1,0,0,18,9.1,0,8.3,0,0,7.4,0,0,0,-0.026,-7,5.6,-1.3,0
Jarell Eddie,26,CHI,SF,1,0,3,-13.5,0,1,0,0,0,0,0,0,0,0,14.5,0,0,0,-0.373,-13.3,-8.8,-22.1,0
Erik McCree,24,UTA,SF,4,0,8,-8.9,0,0.5,0,0,14,7.1,0,6.3,0,33.3,16.9,-0.1,0,-0.1,-0.334,-14.7,1,-13.7,0
Luis Montero,24,DET,SG,2,0,8,-15.5,0,0,0,0,28.2,13.8,0,0,0,66.7,16.6,-0.1,0,-0.1,-0.445,-19,-6.6,-25.6,0
Scotty Hopson,28,DAL,SG,1,0,8,-4.6,0.266,0,2,0,0,0,15.8,0,0,34.7,16.3,0,0,0,-0.238,-9.2,-4.7,-14,0
Vince Hunter,23,MEM,PF,4,0,7,35.8,0.6,0,0,32.3,16.9,24.8,0,0,13.4,16.7,38.5,0,0,0,0.097,10.4,-0.7,9.7,0
Reggie Hearn,26,DET,SG,3,0,7,13.1,0.75,1,0,0,0,0,0,0,0,0,12.7,0,0,0,0.132,2.9,-1.4,1.5,0
Xavier Silas,30,BOS,SG,2,0,7,-4.9,0,0.667,0,15.8,15.4,15.6,0,7.1,0,0,19.1,-0.1,0,0,-0.25,-11.7,3.5,-8.1,0
Jacob Pullen,28,PHI,PG,3,0,6,-2.3,0.5,0.5,0,0,0,0,0,0,0,33.3,21.3,0,0,0,-0.21,-8.3,-4.4,-12.7,0
Josh McRoberts,30,DAL,PF,2,0,6,-12.5,0,1,0,0,0,0,0,0,0,0,7.6,0,0,0,-0.19,-17.9,-3.6,-21.4,0
Jeremy Evans,30,ATL,SF,1,0,5,10.4,1,0,0,22.3,0,11.2,0,0,0,50,17.5,0,0,0,-0.028,-5.7,-4.2,-9.9,0
Gordon Hayward,27,BOS,SF,1,1,5,7.3,0.5,0.5,0,0,21.6,10.9,0,0,0,0,17.9,0,0,0,0.056,-6.6,-0.8,-7.4,0
Anthony Brown,25,MIN,SF,1,0,4,41.9,1.5,1,0,0,0,0,41.7,0,0,0,11.1,0,0,0,0.571,26.2,4.3,30.5,0
Justin Patton,20,MIN,C,1,0,4,19.8,0.5,0,0,0,0,0,0,12.5,0,0,22.1,0,0,0,0.151,-2.2,5.4,3.2,0
PJ Dozier,21,OKC,PG,2,0,3,-5,0.5,0,0,0,38.3,18.5,0,0,0,33.3,42.9,0,0,0,-0.404,-17.7,-2.7,-20.4,0
Mindaugas Kuzminskas,28,NYK,SF,1,0,2,-41.1,0,0,0,0,0,0,0,0,0,0,43.6,0,0,0,-1.065,-33,-21.7,-54.7,0
Tyler Lydon,21,DEN,PF,1,0,2,0,,,,0,0,0,0,0,0,,0,0,0,0,-0.014,-3.9,-1.6,-5.4,0
Edmond Sumner,22,IND,PG,1,0,2,39.8,1,0,0,0,56.1,28.2,0,0,0,0,22.3,0,0,0,0.425,-2.4,9.3,6.9,0
Chris Boucher,25,GSW,PF,1,0,1,-28.5,0,1,0,0,100,55.9,0,0,0,0,43.9,0,0,0,-0.899,-21.7,-11.4,-33.1,0
Trey McKinney-Jones,27,IND,SG,1,0,1,0,,,,0,0,0,0,0,0,,0,0,0,0,-0.001,-6.2,-2.3,-8.5,0
Naz Mitrou-Long,24,UTA,SG,1,0,1,133.8,1.5,1,0,0,0,0,0,0,0,0,45,0.1,0,0.1,2.712,199.4,42.7,242.2,0
League Average,,,,,,,,0.556,0.337,0.252,4.5,15.5,10,14.9,1.6,1.7,12.5,19.9,,,,,,,,